-- phpMyAdmin SQL Dump
-- version 5.0.4
-- https://www.phpmyadmin.net/
--
-- Host: localhost
-- Generation Time: Feb 05, 2021 at 06:53 PM
-- Server version: 10.4.17-MariaDB
-- PHP Version: 8.0.0

SET SQL_MODE = "NO_AUTO_VALUE_ON_ZERO";
START TRANSACTION;
SET time_zone = "+00:00";


/*!40101 SET @OLD_CHARACTER_SET_CLIENT=@@CHARACTER_SET_CLIENT */;
/*!40101 SET @OLD_CHARACTER_SET_RESULTS=@@CHARACTER_SET_RESULTS */;
/*!40101 SET @OLD_COLLATION_CONNECTION=@@COLLATION_CONNECTION */;
/*!40101 SET NAMES utf8mb4 */;

--
-- Database: `fyp`
--

-- --------------------------------------------------------

--
-- Table structure for table `callback`
--

CREATE TABLE `callback` (
  `user_id` bigint(20) NOT NULL,
  `time` text NOT NULL
) ENGINE=InnoDB DEFAULT CHARSET=utf8mb4;

--
-- Dumping data for table `callback`
--

INSERT INTO `callback` (`user_id`, `time`) VALUES
(11, '2021-02-05 06:53:33'),
(7, '2021-02-05 06:53:34'),
(0, '2021-02-02 08:56:52'),
(15, '2021-02-05 03:25:32'),
(16, '2021-02-05 04:45:08');

-- --------------------------------------------------------

--
-- Table structure for table `do_login`
--

CREATE TABLE `do_login` (
  `uid` int(255) NOT NULL,
  `k2_cookie` varchar(500) NOT NULL,
  `ultra_cookie` varchar(500) NOT NULL,
  `json_token` longtext NOT NULL,
  `extra` varchar(500) NOT NULL,
  `date` varchar(500) NOT NULL
) ENGINE=InnoDB DEFAULT CHARSET=latin1;

--
-- Dumping data for table `do_login`
--

INSERT INTO `do_login` (`uid`, `k2_cookie`, `ultra_cookie`, `json_token`, `extra`, `date`) VALUES
(10, 'MzYzMDI2Y2U0YWQ3MmNjZDY1YTY5MjQyMDhmZDA5MTI=', 'M2M0MTk4MjQ5YTdkY2UwNmE1NjA5OTA4OTc1NGRhMTQ=', 'ZXlKMGVYQWlPaUpLVjFRaUxDSmhiR2NpT2lKNVpWOTBiMTlvYjJkaEluMC5leUoxYzJWeVgybGtJam9pTVRBaUxDSjFjMlZ5WDNObFkzSmxkQ0k2SW1aa016aGtZMk16WXpVeE9Ea3labU5qWkRCaFpEWXlaR1EyTmpRMU5USmxJaXdpZVdWZmRHOWZhRzluWVNJNkluUnlkV1VpTENKb1lXTnJaWEp6WDNOMFlYbGZZWGRoZVNJNklqRWlmUS5FeFJfc0NUckV5cDZ6U05mVjhYZF9VaXVPaXN2aHNwSmxfZTNoV3ZSMmpV', 'OGY3OWM0ODZjN2NjYmE3MDI5ZGIxYjBjMTRjZjc2MWQ=', '15-05-20'),
(14, 'MTJmMzQ2NTc4MzU5ZGIxZmM0ZGQxZTYzMmMyZWU5MTE=', 'OWE4ZGIwZWIxNDhlMGUxNjRlNTQ3NWJkOGJlNjg0NjU=', 'ZXlKMGVYQWlPaUpLVjFRaUxDSmhiR2NpT2lKNVpWOTBiMTlvYjJkaEluMC5leUoxYzJWeVgybGtJam9pTVRRaUxDSjFjMlZ5WDNObFkzSmxkQ0k2SW1JNU5tTTNNakUwTm1VNFpXWTRaV1kwTkRka05qZ3lOR1ZoWVdFeU5EQXdJaXdpZVdWZmRHOWZhRzluWVNJNkluUnlkV1VpTENKb1lXTnJaWEp6WDNOMFlYbGZZWGRoZVNJNklqRWlmUS5lUXNoVlZka1U4TlRvZ0tKSWdhakVSc0RQaS1LUFllMDJXbTdGNDFLQlNF', 'YzY1MDJkYjVkOTcxMGU5MzQzYWY4ZDY3MGU1NmViOGM=', '07-06-20'),
(11, 'MzgwMjI5MWE4MjE5MmY5MTNjMjY4NWRhY2M0YzJmNzM=', 'ODg3ZGEzMjlmZTI5N2YzYWRmNjFiOTRiYWZlODcwYWI=', 'ZXlKMGVYQWlPaUpLVjFRaUxDSmhiR2NpT2lKNVpWOTBiMTlvYjJkaEluMC5leUoxYzJWeVgybGtJam9pTVRFaUxDSjFjMlZ5WDNObFkzSmxkQ0k2SW1Ka016VmpPR00xWmpReE9UY3lZV1EyTWprMlpqZzRNelZqTVdOaE9UQTVJaXdpZVdWZmRHOWZhRzluWVNJNkluUnlkV1VpTENKb1lXTnJaWEp6WDNOMFlYbGZZWGRoZVNJNklqRWlmUS53U3NFNGxDakl6WlRRTVFXQzUtTXY0RGRtTy1FMUFhSGhNZC1YYnJSRVpn', 'OTk1M2NiY2Y5MTY4ZTI2ZTk1OTBkNDg0ZjAzZjVkZTQ=', '26-06-20'),
(11, 'YzdmZmRkNGY0NTZiYjk2MzdjM2UzZGIzOTRlMDlkYTM=', 'ZWFlMjFlODEwODk3OGY2ZTJhNzExMGNiM2YwZTc2M2U=', 'ZXlKMGVYQWlPaUpLVjFRaUxDSmhiR2NpT2lKNVpWOTBiMTlvYjJkaEluMC5leUoxYzJWeVgybGtJam9pTVRFaUxDSjFjMlZ5WDNObFkzSmxkQ0k2SWpsak5EQTBNalkzTXpJMVlqTTVZMlppTWpRM1ptWmtNakJsTWpWbFpEbGlJaXdpZVdWZmRHOWZhRzluWVNJNkluUnlkV1VpTENKb1lXTnJaWEp6WDNOMFlYbGZZWGRoZVNJNklqRWlmUS5iaGtzUVhGTjFiakU2THpLdW5mZzFmUXBZY0l2S0hUa0R4cmF4T2FBLWpN', 'OTk1M2NiY2Y5MTY4ZTI2ZTk1OTBkNDg0ZjAzZjVkZTQ=', '26-06-20'),
(11, 'ZGZjNTZjZDdhMTVjNmQxNjE4ZWM3NGEyNDg0NzE5NDc=', 'NjQ5ODFlYjc3NGIyODFkMmFjMGZkZWViMmFjYWY0NjY=', 'ZXlKMGVYQWlPaUpLVjFRaUxDSmhiR2NpT2lKNVpWOTBiMTlvYjJkaEluMC5leUoxYzJWeVgybGtJam9pTVRFaUxDSjFjMlZ5WDNObFkzSmxkQ0k2SWpWbVlUTTJORFk1WldOak1XUmtZVEUzTmpSaE5EQTNPV1F3TjJOak5tWTBJaXdpZVdWZmRHOWZhRzluWVNJNkluUnlkV1VpTENKb1lXTnJaWEp6WDNOMFlYbGZZWGRoZVNJNklqRWlmUS5fMDhqSnVBN2UxbEFZMTI2R2ctNWxVNVFoMDBaYWNyYldJNS1pR19BZXlZ', 'OTk1M2NiY2Y5MTY4ZTI2ZTk1OTBkNDg0ZjAzZjVkZTQ=', '14-07-20'),
(11, 'ZDAzYjViOWEzYmYxNzdmZTM4MjlhNGIyYjQ4MDFmMjY=', 'YjFiYTE4NTEyYmE3ZTFmYjFmNDFiZWUxNzM0ZmY3MWU=', 'ZXlKMGVYQWlPaUpLVjFRaUxDSmhiR2NpT2lKNVpWOTBiMTlvYjJkaEluMC5leUoxYzJWeVgybGtJam9pTVRFaUxDSjFjMlZ5WDNObFkzSmxkQ0k2SWpKak9EZGlNbVExT1RkbU56YzFaalZrWm1JM01qTTRORFZrWkRRd1pqZGxJaXdpZVdWZmRHOWZhRzluWVNJNkluUnlkV1VpTENKb1lXTnJaWEp6WDNOMFlYbGZZWGRoZVNJNklqRWlmUS5uU25ldHFtblk2M09vM1dZNVVibDNxVlNJVXhtWmZudnpNdmVJbEZISENj', 'OTk1M2NiY2Y5MTY4ZTI2ZTk1OTBkNDg0ZjAzZjVkZTQ=', '12-10-20'),
(11, 'OTYxNDg1MTUwODg5MjNjYWFiZDRjY2Q5YTU3NDg5NTU=', 'MTExODU5MzQ1NTg3ZTZiODRiNGM3OTY5ZDExNzQyMjY=', 'ZXlKMGVYQWlPaUpLVjFRaUxDSmhiR2NpT2lKNVpWOTBiMTlvYjJkaEluMC5leUoxYzJWeVgybGtJam9pTVRFaUxDSjFjMlZ5WDNObFkzSmxkQ0k2SWpVMk9EY3lObVl3WVRobFpXRm1NVFZoTldFd1pUVTBaV001TkdSa1pHVm1JaXdpZVdWZmRHOWZhRzluWVNJNkluUnlkV1VpTENKb1lXTnJaWEp6WDNOMFlYbGZZWGRoZVNJNklqRWlmUS44UkhRNWJDbEhhQlYya29BNFJVTmcyLXhHR3VRd1d1bFFEZk43TUM5c3cw', 'OTk1M2NiY2Y5MTY4ZTI2ZTk1OTBkNDg0ZjAzZjVkZTQ=', '18-10-20'),
(11, 'ZTM1MWY3MzQyYmJlN2I1MzFiNTRkNzNiMGU3NTc5MmI=', 'ZDM2MjI1MDUzZjU2N2Q3M2MzYTI0YzRlYjg4ZjdmOTg=', 'ZXlKMGVYQWlPaUpLVjFRaUxDSmhiR2NpT2lKNVpWOTBiMTlvYjJkaEluMC5leUoxYzJWeVgybGtJam9pTVRFaUxDSjFjMlZ5WDNObFkzSmxkQ0k2SWpCa016ZGlaVGswWkRJeFpEa3lNR1F4TkRNMlpEQXhNRGM0TVROa01UazVJaXdpZVdWZmRHOWZhRzluWVNJNkluUnlkV1VpTENKb1lXTnJaWEp6WDNOMFlYbGZZWGRoZVNJNklqRWlmUS5xVEZ5ZjcwZ2NQc2lMaUxhdW9RNUVUV3dFUENycU9ZdmItei0xRUNIWGVR', 'OTk1M2NiY2Y5MTY4ZTI2ZTk1OTBkNDg0ZjAzZjVkZTQ=', '23-10-20'),
(11, 'OTEzMWE1ZTAzMjgxNWM3MWE5NWI1NGRlMDlkYWRkZWI=', 'ZTJkZjg4OGY3MzcxYzA2MzUwYTNkYjA2OGJiMDIwYzk=', 'ZXlKMGVYQWlPaUpLVjFRaUxDSmhiR2NpT2lKNVpWOTBiMTlvYjJkaEluMC5leUoxYzJWeVgybGtJam9pTVRFaUxDSjFjMlZ5WDNObFkzSmxkQ0k2SWpKa1pUQm1OVGc1T0RkbE1tWmlORFl6WVdJMk16azBPVFUwT0RVeE5tTmtJaXdpZVdWZmRHOWZhRzluWVNJNkluUnlkV1VpTENKb1lXTnJaWEp6WDNOMFlYbGZZWGRoZVNJNklqRWlmUS5zNWxBOElnbFZkWm9qd09MeHdYaDBaUHdxSWlOWlY1QTdoS0ZFUEdZOGlF', 'OTk1M2NiY2Y5MTY4ZTI2ZTk1OTBkNDg0ZjAzZjVkZTQ=', '18-10-20'),
(11, 'NzlmOTY0ZjUyODM4ZjdhNzljZTZmNDQ5ZDE2M2M2Zjg=', 'ZmZkMzRlZGNmYzJiMjIxNjM4ZmI0MjQ1ZjJmYThmZTk=', 'ZXlKMGVYQWlPaUpLVjFRaUxDSmhiR2NpT2lKNVpWOTBiMTlvYjJkaEluMC5leUoxYzJWeVgybGtJam9pTVRFaUxDSjFjMlZ5WDNObFkzSmxkQ0k2SWprM01Ea3lOR1U0TTJZd05qQmxaVFkzWVRZMFpUSTFOV1JsTWpnNU5EY3lJaXdpZVdWZmRHOWZhRzluWVNJNkluUnlkV1VpTENKb1lXTnJaWEp6WDNOMFlYbGZZWGRoZVNJNklqRWlmUS5qdFowaDJydkxiTEpEOUpISjdEbWJCYlhyM2lKQkhWUnNKd0NManJQS0pF', 'OTk1M2NiY2Y5MTY4ZTI2ZTk1OTBkNDg0ZjAzZjVkZTQ=', '19-10-20'),
(11, 'YjY0MjNiMDNhOWIzMmU3ODBkZWRmMjM2OTIxNTE2ZjY=', 'OTA1Mjc2NDNkYTU0OGRiNGY0ODQ5ZTNlNDAzMDNhN2U=', 'ZXlKMGVYQWlPaUpLVjFRaUxDSmhiR2NpT2lKNVpWOTBiMTlvYjJkaEluMC5leUoxYzJWeVgybGtJam9pTVRFaUxDSjFjMlZ5WDNObFkzSmxkQ0k2SWpVNE5UaGpabVUwT0dZeE1HVXhOREl3Tldaa1l6TmpZVEZtWVdFMU0yTXhJaXdpZVdWZmRHOWZhRzluWVNJNkluUnlkV1VpTENKb1lXTnJaWEp6WDNOMFlYbGZZWGRoZVNJNklqRWlmUS5wLXg0azdVZ2xvbEVLa0tHZDE4ajQxcmtxM0R2ZUlRWHQtZDVtY2lYQ3Zr', 'OTk1M2NiY2Y5MTY4ZTI2ZTk1OTBkNDg0ZjAzZjVkZTQ=', '20-10-20'),
(11, 'ZTBjNTZlY2VlZWY4NDliYTYxMjQxMTZhNjkyMWY4Y2U=', 'MTcwOGM5YWE5MWVhM2IzNDBkZTVhMjE4ZjcyNWE1N2Q=', 'ZXlKMGVYQWlPaUpLVjFRaUxDSmhiR2NpT2lKNVpWOTBiMTlvYjJkaEluMC5leUoxYzJWeVgybGtJam9pTVRFaUxDSjFjMlZ5WDNObFkzSmxkQ0k2SWprNE5qZ3pObU00TURjNE1qWTVabVkwTlRBMk1XUTNZVGMzTXpKaU4yUmtJaXdpZVdWZmRHOWZhRzluWVNJNkluUnlkV1VpTENKb1lXTnJaWEp6WDNOMFlYbGZZWGRoZVNJNklqRWlmUS52VXlsTU5tU0ZOUlRkOUNqWTNTN3F6cy1CdmFhdmxYX2stT0o1OENaZno4', 'OTk1M2NiY2Y5MTY4ZTI2ZTk1OTBkNDg0ZjAzZjVkZTQ=', '20-10-20'),
(11, 'MzMyNDdlOWU3N2JlZTM2MzZkYTY3MjUzOGNmZjE1NjU=', 'NGNmNjgyZGFlYzIwZGNjMGVlOWJlNTNkNTQ3Y2M1MGE=', 'ZXlKMGVYQWlPaUpLVjFRaUxDSmhiR2NpT2lKNVpWOTBiMTlvYjJkaEluMC5leUoxYzJWeVgybGtJam9pTVRFaUxDSjFjMlZ5WDNObFkzSmxkQ0k2SWpsa04ySmxZVFl5WmpjNFpERXhNalZsTXpGbE1ETXlNREUwTjJJMVkyUTNJaXdpZVdWZmRHOWZhRzluWVNJNkluUnlkV1VpTENKb1lXTnJaWEp6WDNOMFlYbGZZWGRoZVNJNklqRWlmUS52eVYwN2FzWmNUUHlNMk5mMTBzRDIzMjB1VjJVaFF5c1RrVXVQVUkxb0s0', 'OTk1M2NiY2Y5MTY4ZTI2ZTk1OTBkNDg0ZjAzZjVkZTQ=', '20-10-20'),
(11, 'YjkzZjkwYzA3NTAxYmY1NDFiYTE3ZTQxY2YxYzAxMzk=', 'NTRkNTNjNWYxYTE4ZTJkNDUzN2Y2NmJhOWQ3MzZhN2Q=', 'ZXlKMGVYQWlPaUpLVjFRaUxDSmhiR2NpT2lKNVpWOTBiMTlvYjJkaEluMC5leUoxYzJWeVgybGtJam9pTVRFaUxDSjFjMlZ5WDNObFkzSmxkQ0k2SWpZek1qZGtabVl6TjJZM01EZ3laR0kyWmpNM1pUZ3lNekF3WkRka09HRTJJaXdpZVdWZmRHOWZhRzluWVNJNkluUnlkV1VpTENKb1lXTnJaWEp6WDNOMFlYbGZZWGRoZVNJNklqRWlmUS54RmxvNlVFUThQRGtPLXp2ZlZfUHpNRWktbjdyanZOWmRWdVkwdXEzUEl3', 'OTk1M2NiY2Y5MTY4ZTI2ZTk1OTBkNDg0ZjAzZjVkZTQ=', '21-10-20'),
(11, 'YjRhZTJhNGU0YzMyNTRhM2NiMjUyN2FjZmRhYTUwZmU=', 'MGNjMGE5ODFiZTFlNGZjMDNkYjVkMzY0ODgzY2IzYjU=', 'ZXlKMGVYQWlPaUpLVjFRaUxDSmhiR2NpT2lKNVpWOTBiMTlvYjJkaEluMC5leUoxYzJWeVgybGtJam9pTVRFaUxDSjFjMlZ5WDNObFkzSmxkQ0k2SW1Nek0yWmlZMlUzTXpRek4yVXhaamM0WmpBek5tTXdNbVF6TlRVeFl6ZGpJaXdpZVdWZmRHOWZhRzluWVNJNkluUnlkV1VpTENKb1lXTnJaWEp6WDNOMFlYbGZZWGRoZVNJNklqRWlmUS50SzhnZ3VpNW1wdFZwNE4xTzVENDRkc29DM2JTcjhHd3JhSjlZaE5KU2Nr', 'OTk1M2NiY2Y5MTY4ZTI2ZTk1OTBkNDg0ZjAzZjVkZTQ=', '21-10-20'),
(11, 'M2U5NTBiYjlkNmViY2EwMTRmNWI0MGZmYjdhNzM5MmQ=', 'MmM5YTdjMGNmOTBiOWQyM2I5MjI4ZGUxNDZhNDk5MTM=', 'ZXlKMGVYQWlPaUpLVjFRaUxDSmhiR2NpT2lKNVpWOTBiMTlvYjJkaEluMC5leUoxYzJWeVgybGtJam9pTVRFaUxDSjFjMlZ5WDNObFkzSmxkQ0k2SWpBd1lqUXdZVFF6TlRVMllUWmtaamcyT0RCa01UWXlORGc0WVdNNU56Z3pJaXdpZVdWZmRHOWZhRzluWVNJNkluUnlkV1VpTENKb1lXTnJaWEp6WDNOMFlYbGZZWGRoZVNJNklqRWlmUS5QZnBGSTlIZmwtMXFSZnpZMGFlMTB0WmlvVXBqUF82S0I1bHlxSGd2SFdz', 'OTk1M2NiY2Y5MTY4ZTI2ZTk1OTBkNDg0ZjAzZjVkZTQ=', '23-10-20'),
(11, 'ZmZhN2YzMTQwYTFhZjM4NmY2NmU4MTAyMDVkMWU0ZWE=', 'Y2ZjZGMxM2YwMzllMDk3ZDY4OTQ3MGQ4YzA4NDBmMmQ=', 'ZXlKMGVYQWlPaUpLVjFRaUxDSmhiR2NpT2lKNVpWOTBiMTlvYjJkaEluMC5leUoxYzJWeVgybGtJam9pTVRFaUxDSjFjMlZ5WDNObFkzSmxkQ0k2SWpjeFlUaG1OR1ZoTTJWallqZGpORFppTldOak1ETmtNVE5sTVRNeE9HVTNJaXdpZVdWZmRHOWZhRzluWVNJNkluUnlkV1VpTENKb1lXTnJaWEp6WDNOMFlYbGZZWGRoZVNJNklqRWlmUS56czkzYTc3RENwWkR5ZTdsX3JBUGowMHhGaXkxQ3VsTFBuWHlHcUtrcjE4', 'OTk1M2NiY2Y5MTY4ZTI2ZTk1OTBkNDg0ZjAzZjVkZTQ=', '24-10-20'),
(11, 'ZWI4NTc1M2I3ZDllZmM1YzFkZjYxYzJmMGEzMzE4OTE=', 'M2U2Mzc2Yzc3MDQ4MWU5NTI2YTkxMzcyZWZhMzQ4ODk=', 'ZXlKMGVYQWlPaUpLVjFRaUxDSmhiR2NpT2lKNVpWOTBiMTlvYjJkaEluMC5leUoxYzJWeVgybGtJam9pTVRFaUxDSjFjMlZ5WDNObFkzSmxkQ0k2SWpnNE56Z3lNek0yTTJFM05tTXdaRFZtTURrelpqazJNMlV6WVRabU1UVmpJaXdpZVdWZmRHOWZhRzluWVNJNkluUnlkV1VpTENKb1lXTnJaWEp6WDNOMFlYbGZZWGRoZVNJNklqRWlmUS40aFpCazAzUkJRTDdUSzdnbEk5UEIxbE5temx0QVlQT3hXSlVKV3pZRjRR', 'OTk1M2NiY2Y5MTY4ZTI2ZTk1OTBkNDg0ZjAzZjVkZTQ=', '26-10-20'),
(11, 'NTJjNDc3YTljNWY5MDM1OTJlNmJjNjhhNjNiYTJlYWU=', 'ODk3YmY2ZWQ2NjdhY2Q3Mjk1MGUzMmU2YWY4M2UyZmY=', 'ZXlKMGVYQWlPaUpLVjFRaUxDSmhiR2NpT2lKNVpWOTBiMTlvYjJkaEluMC5leUoxYzJWeVgybGtJam9pTVRFaUxDSjFjMlZ5WDNObFkzSmxkQ0k2SWpGaU1qZG1ZMkptTjJVMU5HRmtPRE5tWm1Gak16RXdOelV5TW1JeU0yWXdJaXdpZVdWZmRHOWZhRzluWVNJNkluUnlkV1VpTENKb1lXTnJaWEp6WDNOMFlYbGZZWGRoZVNJNklqRWlmUS5Ua1JHZnlWal9DcC1DV25IaXRBTmlGTHpSZjVCWmJzeGRBd3Q2NGthMWs0', 'OTk1M2NiY2Y5MTY4ZTI2ZTk1OTBkNDg0ZjAzZjVkZTQ=', '26-10-20'),
(11, 'YmM0MGZkZmE0MzJiYThiMWJkNWVhODlkMTU4MzlkNDU=', 'YWEwNWZmOTA4NjZlZGEzMmQxMmEzMTMxYjcwYTZhZWI=', 'ZXlKMGVYQWlPaUpLVjFRaUxDSmhiR2NpT2lKNVpWOTBiMTlvYjJkaEluMC5leUoxYzJWeVgybGtJam9pTVRFaUxDSjFjMlZ5WDNObFkzSmxkQ0k2SWpnNVlUSmtNalEzTnpVMU0yUXpPVGt5TURRMFpUVTJOakUwTmpOaU9UazRJaXdpZVdWZmRHOWZhRzluWVNJNkluUnlkV1VpTENKb1lXTnJaWEp6WDNOMFlYbGZZWGRoZVNJNklqRWlmUS5VeXJsUDFKbzY0Zjc3V2dndTl5bHRXZHlZM044ZmlVQjAtb3o3SmNqVDVR', 'OTk1M2NiY2Y5MTY4ZTI2ZTk1OTBkNDg0ZjAzZjVkZTQ=', '26-10-20'),
(11, 'Y2JkZmVmNzA3OTQxYTU5YzE4ZmRjZjRlZDQ1YWI1NGI=', 'ZDM3MzhjMzVlZGFiNjVkNTQ0ZTM5Y2MyYmUxYjY4M2E=', 'ZXlKMGVYQWlPaUpLVjFRaUxDSmhiR2NpT2lKNVpWOTBiMTlvYjJkaEluMC5leUoxYzJWeVgybGtJam9pTVRFaUxDSjFjMlZ5WDNObFkzSmxkQ0k2SW1VME1EUTJabUUxWW1GaU5UUTFaV0poTm1SaU16aGxaamxtTTJKall6bGpJaXdpZVdWZmRHOWZhRzluWVNJNkluUnlkV1VpTENKb1lXTnJaWEp6WDNOMFlYbGZZWGRoZVNJNklqRWlmUS4xVHNQTWZpTDJ5UHc0MHlyd1J5UHdnbHZfdHFMQXhqU0JhRnoyTTd5ZjRB', 'OTk1M2NiY2Y5MTY4ZTI2ZTk1OTBkNDg0ZjAzZjVkZTQ=', '30-10-20'),
(11, 'MWM3MWZiOTVjNGRmYWY3NjFmMjQ2YjA0YmI2MmIyNjc=', 'MjQ5NWFkOGMyMzNmOGM5NDU0MWNjN2RmMGE5NzMyNmI=', 'ZXlKMGVYQWlPaUpLVjFRaUxDSmhiR2NpT2lKNVpWOTBiMTlvYjJkaEluMC5leUoxYzJWeVgybGtJam9pTVRFaUxDSjFjMlZ5WDNObFkzSmxkQ0k2SW1ZNU5HRXlNek14TlRrNVlqQXpOek0zTVdFelpUSmtNR1ZoTldFNE1tRTJJaXdpZVdWZmRHOWZhRzluWVNJNkluUnlkV1VpTENKb1lXTnJaWEp6WDNOMFlYbGZZWGRoZVNJNklqRWlmUS5RVkhvRmJCZ1l0bUhDMkZCTXZkV2hTRVF5VGFGMk1jUjVwS3dlb0lJeE9z', 'OTk1M2NiY2Y5MTY4ZTI2ZTk1OTBkNDg0ZjAzZjVkZTQ=', '30-10-20'),
(7, 'Nzk1NmJiZTY2OGY2ZDJkMjMyYzZjYzk3MTUyNzQ0M2U=', 'MTRiN2NhMDJiMWExYjIwYWRjZTc5MDE4MjNmZDMwMDg=', 'ZXlKMGVYQWlPaUpLVjFRaUxDSmhiR2NpT2lKNVpWOTBiMTlvYjJkaEluMC5leUoxYzJWeVgybGtJam9pTnlJc0luVnpaWEpmYzJWamNtVjBJam9pTkRReVlXSmxOamM1Wm1RNE1qY3laalEyWkdZNU9HSTNZbVUxTkRZNE1XWWlMQ0o1WlY5MGIxOW9iMmRoSWpvaWRISjFaU0lzSW1oaFkydGxjbk5mYzNSaGVWOWhkMkY1SWpvaU1TSjkuQ1JIckswbUJuMExaMU1hV0dZdU8zZXY3Vll0RDZQdDI3MU9jU1hBUDJwQQ==', 'NTQzODU3YjFkYzJiOTQzYjU5NTlkZTQ2N2RiYzE1MTQ=', '30-10-20'),
(11, 'YjZlZjdiMThhNmE2ZTM5MTQ5NzQxNGZmYTJlNzc0YWY=', 'Y2U3MmI4OTQ2ZjhkMjc2ZWZiMWM5M2ZiNzRhYTY3NGE=', 'ZXlKMGVYQWlPaUpLVjFRaUxDSmhiR2NpT2lKNVpWOTBiMTlvYjJkaEluMC5leUoxYzJWeVgybGtJam9pTVRFaUxDSjFjMlZ5WDNObFkzSmxkQ0k2SWpWaE1HSTBZVFkxTVRVMFlqQmhZemxtTW1FeVl6Vm1ORFV6WWpFeE9ETmhJaXdpZVdWZmRHOWZhRzluWVNJNkluUnlkV1VpTENKb1lXTnJaWEp6WDNOMFlYbGZZWGRoZVNJNklqRWlmUS5Zc2Zwa3hQelZLVk5BMF9aQVJWRlh5cm56cVJONW90c1BWcmdKNEtlU3pj', 'OTk1M2NiY2Y5MTY4ZTI2ZTk1OTBkNDg0ZjAzZjVkZTQ=', '19-12-20'),
(11, 'NzBlYTc0NmM4ZTdiMGU1NTAzYWEyY2Y5Y2QzMmI2OTk=', 'OTZkOTFmNmIzZjc4OGFhNDFhN2RiMDdiY2U5OTEyNWM=', 'ZXlKMGVYQWlPaUpLVjFRaUxDSmhiR2NpT2lKNVpWOTBiMTlvYjJkaEluMC5leUoxYzJWeVgybGtJam9pTVRFaUxDSjFjMlZ5WDNObFkzSmxkQ0k2SWpCbFptUmhabUU1WVRFMFlqQmxaVFZrWWpGaE16SXdPVGRoTmpReU16UTFJaXdpZVdWZmRHOWZhRzluWVNJNkluUnlkV1VpTENKb1lXTnJaWEp6WDNOMFlYbGZZWGRoZVNJNklqRWlmUS5RVkIzejRGbVNVSDhjRGJ1T0laZGQzVldGX2ktcWZtMnU4QVBoUzFUT3hN', 'OTk1M2NiY2Y5MTY4ZTI2ZTk1OTBkNDg0ZjAzZjVkZTQ=', '19-12-20'),
(11, 'YTBjZDliMzY1MTY0Y2VlNjg1YTM5YzBiZmU1Mjc1YzU=', 'YTY5ZmZkNmJiMWRlOWVkZmIyNTkxNTQ1Nzc5ZTg2NTY=', 'ZXlKMGVYQWlPaUpLVjFRaUxDSmhiR2NpT2lKNVpWOTBiMTlvYjJkaEluMC5leUoxYzJWeVgybGtJam9pTVRFaUxDSjFjMlZ5WDNObFkzSmxkQ0k2SWpZMk1EWmpPVEZoWlRKak1HVTFZamN6TkROaE9XRXpNelk1WTJOaVlqVXpJaXdpZVdWZmRHOWZhRzluWVNJNkluUnlkV1VpTENKb1lXTnJaWEp6WDNOMFlYbGZZWGRoZVNJNklqRWlmUS5SVmFMSVloSWQyc0Z6em90YktRVVE1clRyRHYyTkVMTkQ2TGJlTmN1X2c4', 'OTk1M2NiY2Y5MTY4ZTI2ZTk1OTBkNDg0ZjAzZjVkZTQ=', '21-12-20'),
(11, 'MmJkNmE4Y2JhZTUwNTUzYWQ2N2MwM2Y3MTZkM2YwNmQ=', 'ZDViNTFiMDQ2MWJmYTY2OGE0ZjEwNDZiMDY1NjMxZjE=', 'ZXlKMGVYQWlPaUpLVjFRaUxDSmhiR2NpT2lKNVpWOTBiMTlvYjJkaEluMC5leUoxYzJWeVgybGtJam9pTVRFaUxDSjFjMlZ5WDNObFkzSmxkQ0k2SW1FMlptSXdNVEU1WkRZNU1EWmtOemxsTjJabU16UmlPVGsxWWpOaE5UaGxJaXdpZVdWZmRHOWZhRzluWVNJNkluUnlkV1VpTENKb1lXTnJaWEp6WDNOMFlYbGZZWGRoZVNJNklqRWlmUS5hTVpOeFdPSDlHOEwydnRLbGcyN3pfRkctWVhDaktraVV0NlNCVTl1Vm5J', 'OTk1M2NiY2Y5MTY4ZTI2ZTk1OTBkNDg0ZjAzZjVkZTQ=', '28-12-20'),
(10, 'YzY2NTQxZmY4NDM3ZTQ3NGJjMDc5MjRmY2I5OGVmMDg=', 'OTMyNjk4Y2YyNDlkYmFiNzc0MjA4NWI0N2E4YzY1OTE=', 'ZXlKMGVYQWlPaUpLVjFRaUxDSmhiR2NpT2lKNVpWOTBiMTlvYjJkaEluMC5leUoxYzJWeVgybGtJam9pTVRBaUxDSjFjMlZ5WDNObFkzSmxkQ0k2SW1NeU5qVTBZakptTmpWa05HUTJOamt3TkRVeVl6QXdNMkpsWVRZNE56UmxJaXdpZVdWZmRHOWZhRzluWVNJNkluUnlkV1VpTENKb1lXTnJaWEp6WDNOMFlYbGZZWGRoZVNJNklqRWlmUS5XRGJEb242N0ItcU5mTUtKLXFYQXRyVWhmdW9vS3R4S3ZncWlyeUFBckNz', 'OGY3OWM0ODZjN2NjYmE3MDI5ZGIxYjBjMTRjZjc2MWQ=', '07-01-21'),
(11, 'ZWNmYjJjYTcxZWY0MWM4Zjg1YzIwNTYyNWRiNTQ1ODE=', 'YjRhMTEyZDFjMzIyZWI2M2MxM2M0ZTJkMGE5NTc1OTU=', 'ZXlKMGVYQWlPaUpLVjFRaUxDSmhiR2NpT2lKNVpWOTBiMTlvYjJkaEluMC5leUoxYzJWeVgybGtJam9pTVRFaUxDSjFjMlZ5WDNObFkzSmxkQ0k2SWpBMVlXRm1OV014WldWbE1qQmxNamM1T0RnelpURXhOVGt5TXpRNU5tVTBJaXdpZVdWZmRHOWZhRzluWVNJNkluUnlkV1VpTENKb1lXTnJaWEp6WDNOMFlYbGZZWGRoZVNJNklqRWlmUS55ckhSRXoxZ1JSMEhnSHpWaGtweEdNdzFDbVhDOV8xa3BwVlAzT2psUUw4', 'OTk1M2NiY2Y5MTY4ZTI2ZTk1OTBkNDg0ZjAzZjVkZTQ=', '09-01-21'),
(7, 'YzcyYWViZjFjNmQ2MmFlNzkwODcwOTBhYjQzZDkxODE=', 'YjliYTdjMjdjZjNjM2E2MzRjMThmYzUyZWViZjcxZmY=', 'ZXlKMGVYQWlPaUpLVjFRaUxDSmhiR2NpT2lKNVpWOTBiMTlvYjJkaEluMC5leUoxYzJWeVgybGtJam9pTnlJc0luVnpaWEpmYzJWamNtVjBJam9pTWpCbVl6RTVNV1V3WVRjeVpEZzNObVkxTkdNek1qTTJNVGxpTVRZME4yRWlMQ0o1WlY5MGIxOW9iMmRoSWpvaWRISjFaU0lzSW1oaFkydGxjbk5mYzNSaGVWOWhkMkY1SWpvaU1TSjkuR0phVVpYSWd6bVBiY0JNU0hIZmNNcF96YWd1TDF0TVg1Rmwwem5VZlNPaw==', 'NTQzODU3YjFkYzJiOTQzYjU5NTlkZTQ2N2RiYzE1MTQ=', '09-01-21'),
(7, 'M2Q4NzA5NjU5YjIxOGI4ZTVlNzY3YmQ1NGMzNWI5YjM=', 'MDk2NzJiNjBmYTkxNzE0YmFkMWU3YmNjNWM5YmYwMWI=', 'ZXlKMGVYQWlPaUpLVjFRaUxDSmhiR2NpT2lKNVpWOTBiMTlvYjJkaEluMC5leUoxYzJWeVgybGtJam9pTnlJc0luVnpaWEpmYzJWamNtVjBJam9pTVRrMk56VTJPR1UwTVRReU5HTmhZV1ZtWkRJeE5tRTJZek5oTWpRek5XWWlMQ0o1WlY5MGIxOW9iMmRoSWpvaWRISjFaU0lzSW1oaFkydGxjbk5mYzNSaGVWOWhkMkY1SWpvaU1TSjkuZmYycUR4elg0ZXhBTWFYQnJ6VWdZOV85ejFwM2xTVmhSSWxMWVVLSk11WQ==', 'NTQzODU3YjFkYzJiOTQzYjU5NTlkZTQ2N2RiYzE1MTQ=', '10-01-21'),
(11, 'ODk1MmFjMDEzYzljNjE2ZDgzOWI5ZTMzZTVhODg0YTM=', 'MDlhZmQ2YTEzMmQ1M2EzNTUzMDc2NDMwZGY4YjZkMTU=', 'ZXlKMGVYQWlPaUpLVjFRaUxDSmhiR2NpT2lKNVpWOTBiMTlvYjJkaEluMC5leUoxYzJWeVgybGtJam9pTVRFaUxDSjFjMlZ5WDNObFkzSmxkQ0k2SW1VMU9EVTJZekJoWWpSa1pqVm1aR1k1WkRNelpXTmxaV0V5WmpVMlpUSTRJaXdpZVdWZmRHOWZhRzluWVNJNkluUnlkV1VpTENKb1lXTnJaWEp6WDNOMFlYbGZZWGRoZVNJNklqRWlmUS5TU3QzYnQ4NjZaMFB0WC1ZMlhyc3NYa0FGWmkwdlNNX0YzSVBsTThtSUJj', 'OTk1M2NiY2Y5MTY4ZTI2ZTk1OTBkNDg0ZjAzZjVkZTQ=', '10-01-21'),
(11, 'YzM5NGRmNjljOGEzNDFjZDE4MGZiNzNkNzU1MGEzYjM=', 'Nzk2N2UyYTgyMzIzNTJhMDA5MjMxMDMwMWYxZGYzMDI=', 'ZXlKMGVYQWlPaUpLVjFRaUxDSmhiR2NpT2lKNVpWOTBiMTlvYjJkaEluMC5leUoxYzJWeVgybGtJam9pTVRFaUxDSjFjMlZ5WDNObFkzSmxkQ0k2SW1RM01qYzFOVGsxTnpreU1URTRZamhtTkRBNE5UUm1OMkkzT1dZMk0yRXpJaXdpZVdWZmRHOWZhRzluWVNJNkluUnlkV1VpTENKb1lXTnJaWEp6WDNOMFlYbGZZWGRoZVNJNklqRWlmUS40d1VlRnBCQzB1TFBwRHU3OFJFTTY0MTYyYnhRUHZxbHVVZllNaG5HWG1R', 'OTk1M2NiY2Y5MTY4ZTI2ZTk1OTBkNDg0ZjAzZjVkZTQ=', '01-02-21'),
(7, 'NDMzMTEyY2UyZjhjZTY1NjM2MWE3ZGEyOWMzZWFiZDQ=', 'NWY5MGM3MzEzNWZhMjg3MjNjYTk5YzAzOGM0MGVhMGQ=', 'ZXlKMGVYQWlPaUpLVjFRaUxDSmhiR2NpT2lKNVpWOTBiMTlvYjJkaEluMC5leUoxYzJWeVgybGtJam9pTnlJc0luVnpaWEpmYzJWamNtVjBJam9pTURsa09HVTNPVEV6T0dOallqVmtaREF5TnpFM016azRORGsxT0dRMk5HVWlMQ0o1WlY5MGIxOW9iMmRoSWpvaWRISjFaU0lzSW1oaFkydGxjbk5mYzNSaGVWOWhkMkY1SWpvaU1TSjkueTVaMERvckFOTEZ1UjZjdDdKRnI4NXllMlBZOE9ZeUYxSnJzLTQ0ajNpQQ==', 'NTQzODU3YjFkYzJiOTQzYjU5NTlkZTQ2N2RiYzE1MTQ=', '04-02-21'),
(7, 'ZDJlNzE5ZGQ1MzZhNGRlMzgzZGFmM2YzYmY3MzkyOWM=', 'MDIzZTQ5MmVmODYzODg1ZWU1NGQ1NDZkMWFlZTQ0Mjg=', 'ZXlKMGVYQWlPaUpLVjFRaUxDSmhiR2NpT2lKNVpWOTBiMTlvYjJkaEluMC5leUoxYzJWeVgybGtJam9pTnlJc0luVnpaWEpmYzJWamNtVjBJam9pTVdVeFptWTRNVFZtTlRZME5qUTNZVFV4WTJWbE5ERTFPRGRsTnpCaVlqZ2lMQ0o1WlY5MGIxOW9iMmRoSWpvaWRISjFaU0lzSW1oaFkydGxjbk5mYzNSaGVWOWhkMkY1SWpvaU1TSjkuSGc3MWFsRzFIaVczV1ZZRlUyWlBFSGJFRGJEcWpaOUExZkFFWjh4VmZINA==', 'NTQzODU3YjFkYzJiOTQzYjU5NTlkZTQ2N2RiYzE1MTQ=', '04-02-21'),
(7, 'ZTc0Zjg3NDFjMzY3YjAzYmMzMDA1ODk2ZmRiNTQ2NGU=', 'OTI5NjJlZGUwYzcxZTFlZjY1NTIwMTgyMmYwMjM1MjE=', 'ZXlKMGVYQWlPaUpLVjFRaUxDSmhiR2NpT2lKNVpWOTBiMTlvYjJkaEluMC5leUoxYzJWeVgybGtJam9pTnlJc0luVnpaWEpmYzJWamNtVjBJam9pWldKaVkySmlaalJtTTJVek1tRXpaVFZpWkdGbFkyVTBPVE5oWmpKaFl6Z2lMQ0o1WlY5MGIxOW9iMmRoSWpvaWRISjFaU0lzSW1oaFkydGxjbk5mYzNSaGVWOWhkMkY1SWpvaU1TSjkuaVdJZmUzX3lkeFRJeDY1X2FDb3N0XzN4U21zSjFhRU1iWEYwMDg0WVQ0VQ==', 'NTQzODU3YjFkYzJiOTQzYjU5NTlkZTQ2N2RiYzE1MTQ=', '05-02-21'),
(11, 'ZThhMmY2ZmU3NjM0ZWY5OTUxMjcyZjFlYTZmZmZjODg=', 'ZWM1YTJiMTkxNWY5ZGUxZGRhZTAxNDg0MGRiNDk2Yjg=', 'ZXlKMGVYQWlPaUpLVjFRaUxDSmhiR2NpT2lKNVpWOTBiMTlvYjJkaEluMC5leUoxYzJWeVgybGtJam9pTVRFaUxDSjFjMlZ5WDNObFkzSmxkQ0k2SW1JMFpqZGxOek5oTkRJNE5tWmxaVGMzTmpCbE5tSXhOREU0T1RnMVpHWTJJaXdpZVdWZmRHOWZhRzluWVNJNkluUnlkV1VpTENKb1lXTnJaWEp6WDNOMFlYbGZZWGRoZVNJNklqRWlmUS5ycVRCNmE5YkRNRVZOdjMtQlVXc2tNTUwyOVdDQXl3LUg2Mk5tY3B1Rkhv', 'OTk1M2NiY2Y5MTY4ZTI2ZTk1OTBkNDg0ZjAzZjVkZTQ=', '05-02-21'),
(7, 'ZDI0OGQ4OTQyNzlkYTllNWU4MmM0ZmMxNTVkZTRjNDE=', 'N2I5N2QzYjM2ZmJhYzAzNzg0NDY2NGQ5ZDMzZTdjNWM=', 'ZXlKMGVYQWlPaUpLVjFRaUxDSmhiR2NpT2lKNVpWOTBiMTlvYjJkaEluMC5leUoxYzJWeVgybGtJam9pTnlJc0luVnpaWEpmYzJWamNtVjBJam9pTVdJd01UQTNZVGRsT1dFMllqZ3haVE0zTnpFek56SmtZV0l5T0RWak56UWlMQ0o1WlY5MGIxOW9iMmRoSWpvaWRISjFaU0lzSW1oaFkydGxjbk5mYzNSaGVWOWhkMkY1SWpvaU1TSjkuSzgtUGxnMU53c3VPS1kxeW93Qzd1WjNPN0ZKQUZvM2xLVmM4YnVSUE5tcw==', 'NTQzODU3YjFkYzJiOTQzYjU5NTlkZTQ2N2RiYzE1MTQ=', '05-02-21');

-- --------------------------------------------------------

--
-- Table structure for table `friends`
--

CREATE TABLE `friends` (
  `one` bigint(20) NOT NULL,
  `two` bigint(20) NOT NULL
) ENGINE=InnoDB DEFAULT CHARSET=utf8mb4;

--
-- Dumping data for table `friends`
--

INSERT INTO `friends` (`one`, `two`) VALUES
(7, 11),
(11, 7),
(7, 15),
(15, 7);

-- --------------------------------------------------------

--
-- Table structure for table `msg`
--

CREATE TABLE `msg` (
  `msg_id` bigint(20) NOT NULL,
  `sender_id` bigint(20) NOT NULL,
  `receiver_id` bigint(20) NOT NULL,
  `msg` longtext NOT NULL,
  `status` text NOT NULL,
  `time` text NOT NULL
) ENGINE=InnoDB DEFAULT CHARSET=utf8mb4;

--
-- Dumping data for table `msg`
--

INSERT INTO `msg` (`msg_id`, `sender_id`, `receiver_id`, `msg`, `status`, `time`) VALUES
(1, 11, 7, 'YXNkc2FkYXNk', 'read', '9 January 2021 01:26:03 PM'),
(2, 11, 7, 'dGVzdGluZw==', 'read', '9 January 2021 01:31:01 PM'),
(3, 11, 10, 'dGVzdGluZw==', 'read', '9 January 2021 01:31:39 PM'),
(4, 11, 10, 'YXNkZmFzZGY=', 'read', '9 January 2021 01:31:45 PM'),
(5, 11, 10, 'aGVubG8gd29ybGQ=', 'read', '9 January 2021 01:56:40 PM'),
(6, 7, 10, 'YXNkYXNkYXNk', 'read', '9 January 2021 02:24:29 PM'),
(7, 7, 11, 'PGFkYXNmc2RmYXNkZg==', 'read', '9 January 2021 02:28:08 PM'),
(8, 7, 11, 'c2RmYXNkZmFzZGY=', 'read', '9 January 2021 02:28:17 PM'),
(9, 11, 7, 'PHNjcmlwdD5hbGVydCgpOzwvc2NyaXB0Pg==', 'read', '9 January 2021 03:04:20 PM'),
(10, 7, 11, 'aGVubG8ga2Fpc2UgaG8geXI=', 'read', '9 January 2021 03:06:07 PM'),
(11, 7, 11, 'YXNkYXNkYXNkYXNkYXNkYXNkYXNkYXNkYXNkYXNkYXNkYXNkYXNkYXNk', 'read', '9 January 2021 03:07:44 PM'),
(12, 7, 11, 'YXNkYXNkYXNk', 'read', '9 January 2021 03:07:56 PM'),
(13, 7, 11, 'YXNkYXNkYXNk', 'read', '9 January 2021 03:08:00 PM'),
(14, 7, 11, 'YXNkYXNkYXNkYXNk', 'read', '9 January 2021 03:09:24 PM'),
(15, 7, 11, 'YWRhc2ZzZGZhc2RmIGFkYXNmc2RmYXNkZiBhZGFzZnNkZmFzZGYgYWRhc2ZzZGZhc2RmYWRhc2ZzZGZhc2RmIGFkYXNmc2RmYXNkZmFkYXNmc2RmYXNkZiBhZGFzZnNkZmFzZGZhZGFzZnNkZmFzZGYgYWRhc2ZzZGZhc2RmYWRhc2ZzZGZhc2RmIGFkYXNmc2RmYXNkZmFkYXNmc2RmYXNkZiBhZGFzZnNkZmFzZGZhZGFzZnNkZmFzZGYgYWRhc2ZzZGZhc2RmYWRhc2ZzZGZhc2RmIGFkYXNmc2RmYXNkZmFkYXNmc2RmYXNkZiBhZGFzZnNkZmFzZGZhZGFzZnNkZmFzZGYgYWRhc2ZzZGZhc2RmYWRhc2ZzZGZhc2RmIGFkYXNmc2RmYXNkZmFkYXNmc2RmYXNkZiBhZGFzZnNkZmFzZGZhZGFzZnNkZmFzZGYgYWRhc2ZzZGZhc2RmYWRhc2ZzZGZhc2RmIGFkYXNmc2RmYXNkZmFkYXNmc2RmYXNkZiBhZGFzZnNkZmFzZGZhZGFzZnNkZmFzZGYgYWRhc2ZzZGZhc2RmYWRhc2ZzZGZhc2RmIGFkYXNmc2RmYXNkZmFkYXNmc2RmYXNkZiBhZGFzZnNkZmFzZGZhZGFzZnNkZmFzZGYgYWRhc2ZzZGZhc2RmYWRhc2ZzZGZhc2RmIGFkYXNmc2RmYXNkZg==', 'read', '9 January 2021 03:09:45 PM'),
(16, 7, 11, 'IGFkYXNmc2RmYXNkZiBhZGFzZnNkZmFzZGYgYWRhc2ZzZGZhc2RmIGFkYXNmc2RmYXNkZiBhZGFzZnNkZmFzZGYgYWRhc2ZzZGZhc2RmIGFkYXNmc2RmYXNkZiBhZGFzZnNkZmFzZGYg', 'read', '9 January 2021 03:10:01 PM'),
(17, 11, 7, 'YXNkYXNkYXNkYXNk', 'read', '9 January 2021 03:10:21 PM'),
(18, 7, 11, 'c2FkZnNhZGZhc2Q=', 'read', '9 January 2021 03:12:38 PM'),
(19, 7, 11, 'c2RhZmFzZGZhc2Rm', 'read', '9 January 2021 03:15:33 PM'),
(20, 7, 11, 'c2FkZmFzZGZhc2Rm', 'read', '9 January 2021 03:15:39 PM'),
(21, 7, 11, 'c2FkZmFzZGZhc2Rm', 'read', '9 January 2021 05:03:22 PM'),
(22, 11, 7, 'ZnNhZGZhc2RmYXNkZg==', 'read', '9 January 2021 05:05:32 PM'),
(23, 7, 11, 'YXNkZnNhZGZhc2Rm', 'read', '9 January 2021 05:22:41 PM'),
(24, 7, 11, 'c2RhZmFzZGZhc2RmYXNkZmFzZGY=', 'read', '9 January 2021 05:57:11 PM'),
(25, 7, 11, 'ZHNhZmFzZGZhc2Rm', 'read', '9 January 2021 05:58:44 PM'),
(26, 7, 11, 'bmV3', 'read', '9 January 2021 05:58:57 PM'),
(27, 7, 11, 'bmV3MQ==', 'read', '9 January 2021 06:00:03 PM'),
(28, 11, 7, 'bmV3Mg==', 'read', '9 January 2021 06:00:37 PM'),
(29, 7, 11, 'bmV3Mw==', 'read', '9 January 2021 06:01:01 PM'),
(30, 11, 7, 'YXNkZmFzZGZhc2RmYQ==', 'read', '9 January 2021 06:01:07 PM'),
(31, 7, 11, 'ZnNkYWZhc2Rm', 'read', '9 January 2021 06:04:20 PM'),
(32, 11, 7, 'ZnNkZmFzZGZhc2Rm', 'read', '9 January 2021 06:04:39 PM'),
(33, 11, 7, 'ZHNhZmFzZGZhZHNm', 'read', '9 January 2021 06:04:48 PM'),
(34, 7, 11, 'aGVubG8=', 'read', '10 January 2021 10:20:13 AM'),
(35, 7, 11, 'c2RhZnNhZGZkYXNm', 'read', '10 January 2021 10:21:34 AM'),
(36, 11, 7, 'c2FmYXNkZnNkZg==', 'read', '10 January 2021 10:21:39 AM'),
(37, 11, 7, 'ZmFzZGZhc2Rm', 'read', '10 January 2021 10:22:04 AM'),
(38, 11, 7, 'c2RhZmRhc2ZhZHNm', 'read', '10 January 2021 10:22:17 AM'),
(39, 11, 7, 'YWZzYWZhc2Zhc2Y=', 'read', '10 January 2021 10:36:07 AM'),
(40, 7, 11, 'YXNmYXNkZmFzZGY=', 'read', '10 January 2021 10:36:16 AM'),
(41, 7, 11, 'YXNkZmFzZGZkYXM=', 'read', '10 January 2021 10:36:23 AM'),
(42, 7, 11, 'YXNkZmFzZGZhc2Rm', 'read', '10 January 2021 05:34:02 PM'),
(43, 7, 11, 'dGVzdDE=', 'read', '10 January 2021 05:51:05 PM'),
(44, 7, 11, 'dGVzdDI=', 'read', '10 January 2021 05:51:18 PM'),
(45, 7, 11, 'dGVzdDM=', 'read', '10 January 2021 05:55:16 PM'),
(46, 7, 11, 'dGVzdDQ=', 'read', '10 January 2021 05:55:20 PM'),
(47, 7, 11, 'dGVzdDU=', 'read', '10 January 2021 05:55:23 PM'),
(48, 11, 7, 'YXNkZmFzZGZhc2RmYXNkZg==', 'read', '10 January 2021 05:55:43 PM'),
(49, 7, 11, 'YXNkYXNk', 'read', '2 February 2021 10:24:28 PM'),
(50, 11, 7, 'YXNkYXNk', 'read', '2 February 2021 10:24:32 PM'),
(51, 11, 7, 'ZGZn', 'read', '4 February 2021 10:34:05 PM'),
(52, 11, 10, 'YWZzYWY=', 'null', '4 February 2021 10:34:09 PM'),
(53, 7, 11, 'ampq', 'read', '4 February 2021 10:42:05 PM'),
(54, 7, 11, 'YXNkYXNk', 'read', '5 February 2021 08:45:52 AM'),
(55, 11, 7, 'c2FkQVNE', 'read', '5 February 2021 05:51:52 PM'),
(56, 7, 11, 'QVNEQVNE', 'read', '5 February 2021 05:52:01 PM');

-- --------------------------------------------------------

--
-- Table structure for table `post_comments`
--

CREATE TABLE `post_comments` (
  `comment_id` bigint(20) NOT NULL,
  `post_id` bigint(20) NOT NULL,
  `user_id` bigint(20) NOT NULL,
  `comment_text` longtext NOT NULL,
  `time` varchar(500) NOT NULL
) ENGINE=InnoDB DEFAULT CHARSET=utf8;

--
-- Dumping data for table `post_comments`
--

INSERT INTO `post_comments` (`comment_id`, `post_id`, `user_id`, `comment_text`, `time`) VALUES
(1, 107, 11, 'Y29tbWVudF9pZA==', '21 October 2020 08:36:32 AM'),
(2, 107, 11, 'cG9zdF9jbW50X2FyZWEuYXBwZW5kKG5ld19jbW50KTs=', '21 October 2020 08:38:38 AM'),
(3, 105, 11, 'Y21udF9pZA==', '21 October 2020 08:39:33 AM'),
(4, 104, 11, 'ZGFzZGFzZGFzZA==', '21 October 2020 08:41:14 AM'),
(5, 102, 11, 'Y3JvcF9sYXJnZXJfdHh0X2ZybV9jb21lbnRzKGNtbnRfaWQpOw==', '21 October 2020 08:43:58 AM'),
(6, 101, 11, 'cmVwbHlfaWQ=', '21 October 2020 08:56:59 AM'),
(7, 108, 11, 'bWFuYWdlci1saW51eC14NjQucnVu', '21 October 2020 05:32:32 PM'),
(8, 108, 11, 'JmFtcDtsdDtkaXYgY2xhc3M9JmFtcDtxdW90O2NvbW1lbnQtZm9vdGVyLWNvbnRlbnRzJmFtcDtxdW90OyZhbXA7Z3Q7JmFtcDtsdDtkaXYgY2xhc3M9XFwmYW1wOyN4Mjdjb21tZW50LWxpa2VcXCZhbXA7I3gyNyZhbXA7Z3Q7JmFtcDsjeDI3K1xuCQkJCQkJJmFtcDsjeDI3ICAgICAgICAgICAgJmFtcDtsdDtzdmcgd2lkdGg9XFwmYW1wOyN4MjcxZW1cXCZhbXA7I3gyNyBoZWlnaHQ9XFwmYW1wOyN4MjcxZW1cXCZhbXA7I3gyNyB2aWV3Qm94PVxcJmFtcDsjeDI3MCAwIDE2IDE2XFwmYW1wOyN4MjcgY2xhc3M9XFwmYW1wOyN4MjdiaSBiaS1oZWFydCBoZWFydHMgcG9zdC1hY3RzXFwmYW1wOyN4MjcgZmlsbD1cXCZhbXA7I3gyN2N1cnJlbnRDb2xvclxcJmFtcDsjeDI3IHhtbG5zPVxcJmFtcDsjeDI3aHR0cDomYW1wOyN4MkYmYW1wOyN4MkZ3d3cudzMub3JnJmFtcDsjeDJGMjAwMCZhbXA7I3gyRnN2Z1xcJmFtcDsjeDI3JmFtcDtndDsmYW1wOyN4MjcrXG4JCQkJCQkmYW1wOyN4MjcgICAgICAgICAgICAgICAgJmFtcDtsdDtwYXRoIGZpbGwtcnVsZT1cXCZhbXA7I3gyN2V2ZW5vZGRcXCZhbXA7I3gyNyBkPVxcJmFtcDsjeDI3TTggMi43NDhsLS43MTctLjczN0M1LjYuMjgxIDIuNTE0Ljg3OCAxLjQgMy4wNTNjLS41MjMgMS4wMjMtLjY0MSAyLjUuMzE0IDQuMzg1LjkyIDEuODE1IDIuODM0IDMuOTg5IDYuMjg2IDYuMzU3IDMuNDUyLTIuMzY4IDUuMzY1LTQuNTQyIDYuMjg2LTYuMzU3Ljk1NS0xLjg4Ni44MzgtMy4zNjIuMzE0LTQuMzg1QzEzLjQ4Ni44NzggMTAuNC4yOCA4LjcxNyAyLjAxTDggMi43NDh6TTggMTVDLTcuMzMzIDQuODY4IDMuMjc5LTMuMDQgNy44MjQgMS4xNDNjLjA2LjA1NS4xMTkuMTEyLjE3Ni4xNzFhMy4xMiAzLjEyIDAgMCAxIC4xNzYtLjE3QzEyLjcyLTMuMDQyIDIzLjMzMyA0Ljg2NyA4IDE1elxcJmFtcDsjeDI3JmFtcDsjeDJGJmFtcDtndDsmYW1wOyN4MjcrXG4JCQkJCQkmYW1wOyN4MjcgICAgICAgICAgICAmYW1wO2x0OyZhbXA7I3gyRnN2ZyZhbXA7Z3Q7JmFtcDsjeDI3K1xuCQkJCQkJJmFtcDsjeDI3ICAgICAgICAmYW1wO2x0O3NwYW4gY2xhc3M9JmFtcDtxdW90O2NvbW1lbnQtaGVhcnQtY291bnRzJmFtcDtxdW90OyZhbXA7Z3Q7MSZhbXA7bHQ7JmFtcDsjeDJGc3BhbiZhbXA7Z3Q7JmFtcDtsdDsmYW1wOyN4MkZkaXYmYW1wO2d0OyZhbXA7bHQ7JmFtcDsjeDJGZGl2JmFtcDtndDs=', '21 October 2020 05:37:41 PM'),
(9, 107, 11, 'bGlrZV9jb3VudHM=', '21 October 2020 05:41:16 PM'),
(10, 109, 11, 'bGlrZV9jb3VudHM=', '21 October 2020 05:41:52 PM'),
(11, 108, 11, 'bGlrZV9jb3VudHM=', '21 October 2020 05:42:15 PM'),
(12, 107, 11, 'bGlrZV9jb3VudHM=', '21 October 2020 05:43:28 PM'),
(13, 106, 11, 'Y29tbWVudC1mb290ZXItY29udGVudHM=', '21 October 2020 05:44:05 PM'),
(14, 105, 11, 'JmFtcDtsdDtzcGFuIGNsYXNzPSZhbXA7cXVvdDtjb21tZW50LWhlYXJ0LWNvdW50cyZhbXA7cXVvdDsmYW1wO2d0OyZhbXA7bHQ7JmFtcDsjeDJGc3BhbiZhbXA7Z3Q7', '21 October 2020 05:46:54 PM'),
(15, 104, 11, 'Y29tbWVudC1saWtl', '21 October 2020 05:47:48 PM'),
(16, 109, 11, 'bWFpbiBjb21tZW50', '22 October 2020 06:12:58 AM'),
(17, 109, 11, 'Y29tbWVudF9yZXBseV9tZV9saWtlZA==', '22 October 2020 07:19:21 AM'),
(18, 116, 11, 'cG9zdF9pZA==', '22 October 2020 08:45:14 AM'),
(19, 116, 11, 'LmF0dHIoJmFtcDtxdW90O2RhdGEtZnVsbHRleHQmYW1wO3F1b3Q7LGJ0b2EoZnVsbF90ZXh0KSk7', '22 October 2020 08:59:26 AM'),
(20, 117, 11, 'LmF0dHIoJmFtcDtxdW90O2RhdGEtZnVsbHRleHQmYW1wO3F1b3Q7LGJ0b2EoZnVsbF90ZXh0KSk7', '22 October 2020 09:01:02 AM'),
(21, 117, 11, 'LmF0dHIoJmFtcDtxdW90O2RhdGEtZnVsbHRleHQmYW1wO3F1b3Q7LGJ0b2EoZnVsbF90ZXh0KSk7', '22 October 2020 09:01:18 AM'),
(22, 85, 11, 'ICAgIHdpZHRoOiAtd2Via2l0LWZpbGwtYXZhaWxhYmxlOw==', '22 October 2020 09:06:35 AM'),
(23, 85, 11, 'ICAgIHdpZHRoOiAtd2Via2l0LWZpbGwtYXZhaWxhYmxlOw==', '22 October 2020 09:06:41 AM'),
(24, 116, 11, 'bWFuYWdlci1saW51eC14NjQucnVu', '22 October 2020 03:00:01 PM'),
(25, 119, 11, 'cG9zdC12aWRlby1hZGRlZA==', '24 October 2020 10:29:31 AM'),
(26, 119, 11, 'cG9zdC12aWRlby1hZGRlZA==', '24 October 2020 10:29:42 AM'),
(27, 119, 11, 'cG9zdC12aWRlby1hZGRlZA==', '24 October 2020 10:29:52 AM'),
(28, 121, 11, 'cG9zdC12aWRlby1hZGRlZA==', '24 October 2020 10:34:29 AM'),
(29, 17, 11, 'TElNSVQgMTA=', '26 October 2020 04:30:02 AM'),
(30, 17, 11, 'TElNSVQgMTA=', '26 October 2020 04:30:08 AM'),
(31, 122, 11, 'aW5wdXQoJmFtcDtxdW90O2VudGVyIGFnZSZhbXA7cXVvdDspaW5wdXQoJmFtcDtxdW90O2VudGVyIGFnZSZhbXA7cXVvdDspaW5wdXQoJmFtcDtxdW90O2VudGVyIGFnZSZhbXA7cXVvdDspaW5wdXQoJmFtcDtxdW90O2VudGVyIGFnZSZhbXA7cXVvdDsp', '26 October 2020 07:40:05 AM'),
(32, 122, 11, 'aW5wdXQoJmFtcDtxdW90O2VudGVyIGFnZSZhbXA7cXVvdDsp', '26 October 2020 07:51:56 AM'),
(33, 123, 11, 'aW5wdXQoJmFtcDtxdW90O2VudGVyIGFnZSZhbXA7cXVvdDsp', '26 October 2020 08:18:45 AM'),
(34, 117, 11, 'ZXlKMFpYaDBJam9pWkhNZ1oyRnpaR2NnWVhOa0lHZGhjMlFnWjJGelpDRHduNWlBSWl3aWJXVmthV0ZmYVdRaU9sc2lNelF5SWwxOWV5SjBaWGgwSWpvaVpITWdaMkZ6WkdjZ1lYTmtJR2RoYzJRZ1oyRnpaQ0R3bjVpQUlpd2liV1ZrYVdGZmFXUWlPbHNpTXpReUlsMTlleUowWlhoMElqb2laSE1nWjJGelpHY2dZWE5rSUdkaGMyUWdaMkZ6WkNEd241aUFJaXdpYldWa2FXRmZhV1FpT2xzaU16UXlJbDE5ZXlKMFpYaDBJam9pWkhNZ1oyRnpaR2NnWVhOa0lHZGhjMlFnWjJGelpDRHduNWlBSWl3aWJXVmthV0ZmYVdRaU9sc2lNelF5SWwxOWV5SjBaWGgwSWpvaVpITWdaMkZ6WkdjZ1lYTmtJR2RoYzJRZ1oyRnpaQ0R3bjVpQUlpd2liV1ZrYVdGZmFXUWlPbHNpTXpReUlsMTlleUowWlhoMElqb2laSE1nWjJGelpHY2dZWE5rSUdkaGMyUWdaMkZ6WkNEd241aUFJaXdpYldWa2FXRmZhV1FpT2xzaU16UXlJbDE5ZXlKMFpYaDBJam9pWkhNZ1oyRnpaR2NnWVhOa0lHZGhjMlFnWjJGelpDRHduNWlBSWl3aWJXVmthV0ZmYVdRaU9sc2lNelF5SWwxOWV5SjBaWGgwSWpvaVpITWdaMkZ6WkdjZ1lYTmtJR2RoYzJRZ1oyRnpaQ0R3bjVpQUlpd2liV1ZrYVdGZmFXUWlPbHNpTXpReUlsMTlleUowWlhoMElqb2laSE1nWjJGelpHY2dZWE5rSUdkaGMyUWdaMkZ6WkNEd241aUFJaXdpYldWa2FXRmZhV1FpT2xzaU16UXlJbDE5ZXlKMFpYaDBJam9pWkhNZ1oyRnpaR2NnWVhOa0lHZGhjMlFnWjJGelpDRHduNWlBSWl3aWJXVmthV0ZmYVdRaU9sc2lNelF5SWwxOWV5SjBaWGgwSWpvaVpITWdaMkZ6WkdjZ1lYTmtJR2RoYzJRZ1oyRnpaQ0R3bjVpQUlpd2liV1ZrYVdGZmFXUWlPbHNpTXpReUlsMTk=', '26 October 2020 08:35:49 AM'),
(35, 125, 7, 'aHR0cDomYW1wOyN4MkYmYW1wOyN4MkYxMjcuMC4wLjEmYW1wOyN4MkZmeXAmYW1wOyN4MkY=', '30 October 2020 09:50:48 PM'),
(36, 120, 11, 'YXNkYXNkYXNk', '19 December 2020 12:41:35 PM'),
(37, 30, 11, 'YXNkYXNk', '19 December 2020 03:15:58 PM'),
(38, 51, 11, 'YXNkYXNk', '19 December 2020 03:17:31 PM'),
(39, 34, 11, 'YXNmZGFzZGYgZmFzIA==', '21 December 2020 11:00:01 AM'),
(40, 34, 11, 'YXNmZGFzZGYgZmFzIA==', '21 December 2020 11:00:03 AM'),
(41, 30, 7, 'dGVzdGVkIGJ5IGZhaXphbg==', '4 February 2021 10:27:54 PM');

-- --------------------------------------------------------

--
-- Table structure for table `post_comment_reply`
--

CREATE TABLE `post_comment_reply` (
  `reply_id` bigint(20) NOT NULL,
  `reply_text` longtext NOT NULL,
  `main_comment_id` bigint(20) NOT NULL,
  `author_id` bigint(20) NOT NULL,
  `time` varchar(500) NOT NULL
) ENGINE=InnoDB DEFAULT CHARSET=utf8;

--
-- Dumping data for table `post_comment_reply`
--

INSERT INTO `post_comment_reply` (`reply_id`, `reply_text`, `main_comment_id`, `author_id`, `time`) VALUES
(1, 'JGNvbW1lbnRfaWQ=', 6, 11, '21 October 2020 08:59:01 AM'),
(2, 'JGNvbW1lbnRfaWQ=', 6, 11, '21 October 2020 08:59:29 AM'),
(3, 'Y29tbWVudC1mb290ZXItY29udGVudHM=', 13, 11, '21 October 2020 05:45:22 PM'),
(4, 'cmVwbHkgdG8gbWFpbiBjb21tZW50', 16, 11, '22 October 2020 06:13:07 AM'),
(5, 'YW5vdGhlciByZXBseSB0byB0aGlzIGNvbW1lbnQ=', 16, 11, '22 October 2020 06:13:17 AM'),
(6, 'YW5vdGhlciByZXBseSB0byBtYWluIGNvbW1lbnQ=', 16, 11, '22 October 2020 06:13:26 AM'),
(7, 'dmFyIGNvbW1lbnRfaWQ9JCh0aGlzLnBhcmVudE5vZGUpLnBhcmVudHMoJmFtcDtxdW90Oy5vbmUtY29tbWVudCZhbXA7cXVvdDspLmF0dHIoJmFtcDtxdW90O2lkJmFtcDtxdW90OykucmVwbGFjZSgmYW1wO3F1b3Q7Y29tbWVudCZhbXA7cXVvdDssJmFtcDtxdW90OyZhbXA7cXVvdDspO1xuCQkJbGRhdGE9eyZhbXA7I3gyN2NvbW1lbnRfaWQmYW1wOyN4Mjc6Y29tbWVudF9pZH07XG4JCQl2YXIgc2RhdGEgPUpTT04uc3RyaW5naWZ5KGxkYXRhKTs=', 10, 11, '22 October 2020 07:06:15 AM'),
(8, 'aWYocmVzcG9uc2UuaXNkZWxldGVkPT0mYW1wO3F1b3Q7dHJ1ZSZhbXA7cXVvdDspe1xuCQkJCQkJJmFtcDsjeDJGJmFtcDsjeDJGY29tbWVudCB3YXMgYWxyZWFkeSBsaWtlZCwgc28gaXQgaGFzIGJlZW4gZGlzbGlrZWRcbgkJCQkJCWVsLmh0bWwoJmFtcDsjeDI3JmFtcDtsdDtzdmcgd2lkdGg9JmFtcDtxdW90OzFlbSZhbXA7cXVvdDsgaGVpZ2h0PSZhbXA7cXVvdDsxZW0mYW1wO3F1b3Q7IHZpZXdCb3g9JmFtcDtxdW90OzAgMCAxNiAxNiZhbXA7cXVvdDsgY2xhc3M9JmFtcDtxdW90O2JpIGJpLWhlYXJ0LWZpbGwgcG9zdC1hY3RzJmFtcDtxdW90OyBmaWxsPSZhbXA7cXVvdDtyZWQmYW1wO3F1b3Q7IHhtbG5zPSZhbXA7cXVvdDtodHRwOiZhbXA7I3gyRiZhbXA7I3gyRnd3dy53My5vcmcmYW1wOyN4MkYyMDAwJmFtcDsjeDJGc3ZnJmFtcDtxdW90OyZhbXA7Z3Q7JmFtcDtsdDtwYXRoIGZpbGwtcnVsZT0mYW1wO3F1b3Q7ZXZlbm9kZCZhbXA7cXVvdDsgZD0mYW1wO3F1b3Q7TTggMS4zMTRDMTIuNDM4LTMuMjQ4IDIzLjUzNCA0LjczNSA4IDE1LTcuNTM0IDQuNzM2IDMuNTYyLTMuMjQ4IDggMS4zMTR6JmFtcDtxdW90OyZhbXA7Z3Q7JmFtcDtsdDsmYW1wOyN4MkZwYXRoJmFtcDtndDsmYW1wO2x0OyZhbXA7I3gyRnN2ZyZhbXA7Z3Q7JmFtcDsjeDI3KTtcbgkJCQkJCXZhciBub3dfbGlrZXM9cGFyc2VJbnQobGlrZV9jb3VudHMpLTE7XG4JCQkJCQlpZihub3dfbGlrZXM9PTApe25vd19saWtlcz0mYW1wO3F1b3Q7JmFtcDtxdW90Ozt9XG4JCQkJCQllbC5wYXJlbnRzKCZhbXA7cXVvdDsuY29tbWVudC1mb290ZXItY29udGVudHMmYW1wO3F1b3Q7KS5maW5kKCZhbXA7cXVvdDsuY29tbWVudC1oZWFydC1jb3VudHMmYW1wO3F1b3Q7KS50ZXh0KG5vd19saWtlcyk7XG4JCQkJCX0=', 10, 11, '22 October 2020 07:10:07 AM'),
(9, 'JmFtcDtsdDtzdmcgd2lkdGg9JmFtcDtxdW90OzFlbSZhbXA7cXVvdDsgaGVpZ2h0PSZhbXA7cXVvdDsxZW0mYW1wO3F1b3Q7IHZpZXdCb3g9JmFtcDtxdW90OzAgMCAxNiAxNiZhbXA7cXVvdDsgY2xhc3M9JmFtcDtxdW90O2JpIGJpLWhlYXJ0IGhlYXJ0cyBwb3N0LWFjdHMmYW1wO3F1b3Q7IGZpbGw9JmFtcDtxdW90O2N1cnJlbnRDb2xvciZhbXA7cXVvdDsgeG1sbnM9JmFtcDtxdW90O2h0dHA6JmFtcDsjeDJGJmFtcDsjeDJGd3d3LnczLm9yZyZhbXA7I3gyRjIwMDAmYW1wOyN4MkZzdmcmYW1wO3F1b3Q7JmFtcDtndDsmYW1wO2x0O3BhdGggZmlsbC1ydWxlPSZhbXA7cXVvdDtldmVub2RkJmFtcDtxdW90OyBkPSZhbXA7cXVvdDtNOCAyLjc0OGwtLjcxNy0uNzM3QzUuNi4yODEgMi41MTQuODc4IDEuNCAzLjA1M2MtLjUyMyAxLjAyMy0uNjQxIDIuNS4zMTQgNC4zODUuOTIgMS44MTUgMi44MzQgMy45ODkgNi4yODYgNi4zNTcgMy40NTItMi4zNjggNS4zNjUtNC41NDIgNi4yODYtNi4zNTcuOTU1LTEuODg2LjgzOC0zLjM2Mi4zMTQtNC4zODVDMTMuNDg2Ljg3OCAxMC40LjI4IDguNzE3IDIuMDFMOCAyLjc0OHpNOCAxNUMtNy4zMzMgNC44NjggMy4yNzktMy4wNCA3LjgyNCAxLjE0M2MuMDYuMDU1LjExOS4xMTIuMTc2LjE3MWEzLjEyIDMuMTIgMCAwIDEgLjE3Ni0uMTdDMTIuNzItMy4wNDIgMjMuMzMzIDQuODY3IDggMTV6JmFtcDtxdW90OyZhbXA7Z3Q7JmFtcDtsdDsmYW1wOyN4MkZwYXRoJmFtcDtndDsmYW1wO2x0OyZhbXA7I3gyRnN2ZyZhbXA7Z3Q7', 10, 11, '22 October 2020 07:12:27 AM'),
(10, 'cmVwbHlfYXJlYQ==', 10, 11, '22 October 2020 07:53:49 AM'),
(11, 'VnJlcGx5LWRpdg==', 10, 11, '22 October 2020 07:54:51 AM'),
(12, 'ICAgIGJvcmRlci1sZWZ0OiA1cHggc29saWQgd2hpdGU7', 10, 11, '22 October 2020 08:33:25 AM'),
(13, 'ICAgIGJvcmRlci1sZWZ0OiA1cHggc29saWQgd2hpdGU7', 16, 11, '22 October 2020 08:33:44 AM'),
(14, 'ICAgIGJvcmRlci1sZWZ0OiA1cHggc29saWQgd2hpdGU7', 10, 11, '22 October 2020 08:34:44 AM'),
(15, 'ICAgIGJvcmRlci1sZWZ0OiA1cHggc29saWQgd2hpdGU7', 10, 11, '22 October 2020 08:35:10 AM'),
(16, 'Y29tbWVudC1jb3VudHM=', 7, 11, '22 October 2020 08:38:09 AM'),
(17, 'Y29tbWVudC1jb3VudHM=', 8, 11, '22 October 2020 08:38:14 AM'),
(18, 'Y29tbWVudC1jb3VudHM=', 8, 11, '22 October 2020 08:38:17 AM'),
(19, 'Y29tbWVudC1jb3VudHM=', 8, 11, '22 October 2020 08:38:19 AM'),
(20, 'Y29tbWVudC1jb3VudHM=', 7, 11, '22 October 2020 08:38:31 AM'),
(21, 'cG9zdF9pZA==', 18, 11, '22 October 2020 08:45:17 AM'),
(22, 'cG9zdF9pZA==', 18, 11, '22 October 2020 08:45:21 AM'),
(23, 'cG9zdF9pZA==', 18, 11, '22 October 2020 08:45:23 AM'),
(24, 'LmF0dHIoJmFtcDtxdW90O2RhdGEtZnVsbHRleHQmYW1wO3F1b3Q7LGJ0b2EoZnVsbF90ZXh0KSk7', 19, 11, '22 October 2020 08:59:31 AM'),
(25, 'LmF0dHIoJmFtcDtxdW90O2RhdGEtZnVsbHRleHQmYW1wO3F1b3Q7LGJ0b2EoZnVsbF90ZXh0KSk7', 18, 11, '22 October 2020 09:00:21 AM'),
(26, 'LmF0dHIoJmFtcDtxdW90O2RhdGEtZnVsbHRleHQmYW1wO3F1b3Q7LGJ0b2EoZnVsbF90ZXh0KSk7', 20, 11, '22 October 2020 09:01:15 AM'),
(27, 'LmF0dHIoJmFtcDtxdW90O2RhdGEtZnVsbHRleHQmYW1wO3F1b3Q7LGJ0b2EoZnVsbF90ZXh0KSk7', 20, 11, '22 October 2020 09:01:19 AM'),
(28, 'LmF0dHIoJmFtcDtxdW90O2RhdGEtZnVsbHRleHQmYW1wO3F1b3Q7LGJ0b2EoZnVsbF90ZXh0KSk7', 21, 11, '22 October 2020 09:01:22 AM'),
(29, 'LmF0dHIoJmFtcDtxdW90O2RhdGEtZnVsbHRleHQmYW1wO3F1b3Q7LGJ0b2EoZnVsbF90ZXh0KSk7', 21, 11, '22 October 2020 09:01:24 AM'),
(30, 'ICAgIHdpZHRoOiAtd2Via2l0LWZpbGwtYXZhaWxhYmxlOw==', 22, 11, '22 October 2020 09:06:37 AM'),
(31, 'ICAgIHdpZHRoOiAtd2Via2l0LWZpbGwtYXZhaWxhYmxlOw==', 22, 11, '22 October 2020 09:06:39 AM'),
(32, 'ICAgIHdpZHRoOiAtd2Via2l0LWZpbGwtYXZhaWxhYmxlOw==', 23, 11, '22 October 2020 09:06:43 AM'),
(33, 'ICAgIHdpZHRoOiAtd2Via2l0LWZpbGwtYXZhaWxhYmxlOw==', 23, 11, '22 October 2020 09:06:45 AM'),
(34, 'LnNwaW5u', 20, 11, '23 October 2020 11:32:40 AM'),
(35, 'cG9zdC12aWRlby1hZGRlZA==', 25, 11, '24 October 2020 10:29:34 AM'),
(36, 'cG9zdC12aWRlby1hZGRlZA==', 25, 11, '24 October 2020 10:29:38 AM'),
(37, 'cG9zdC12aWRlby1hZGRlZA==', 26, 11, '24 October 2020 10:29:45 AM'),
(38, 'cG9zdC12aWRlby1hZGRlZA==', 26, 11, '24 October 2020 10:29:47 AM'),
(39, 'cG9zdC12aWRlby1hZGRlZA==', 25, 11, '24 October 2020 10:29:49 AM'),
(40, 'cG9zdC12aWRlby1hZGRlZA==', 28, 11, '24 October 2020 10:34:32 AM'),
(41, 'cG9zdC12aWRlby1hZGRlZA==', 28, 11, '24 October 2020 10:34:34 AM'),
(42, 'cG9zdC12aWRlby1hZGRlZA==', 28, 11, '24 October 2020 10:34:36 AM'),
(43, 'cG9zdC12aWRlby1hZGRlZA==', 28, 11, '24 October 2020 10:34:39 AM'),
(44, 'cG9zdC12aWRlby1hZGRlZA==', 28, 11, '24 October 2020 10:34:41 AM'),
(45, 'cG9zdC12aWRlby1hZGRlZA==', 28, 11, '24 October 2020 10:34:43 AM'),
(46, 'cG9zdC12aWRlby1hZGRlZA==', 28, 11, '24 October 2020 10:34:45 AM'),
(47, 'cG9zdC12aWRlby1hZGRlZA==', 28, 11, '24 October 2020 10:34:47 AM'),
(48, 'cG9zdC12aWRlby1hZGRlZA==', 28, 11, '24 October 2020 10:34:49 AM'),
(49, 'cG9zdC12aWRlby1hZGRlZA==', 28, 11, '24 October 2020 10:34:51 AM'),
(50, 'cG9zdC12aWRlby1hZGRlZA==', 28, 11, '24 October 2020 10:34:53 AM'),
(51, 'TElNSVQgMTA=', 29, 11, '26 October 2020 04:30:05 AM'),
(52, 'aW5wdXQoJmFtcDtxdW90O2VudGVyIGFnZSZhbXA7cXVvdDsp', 32, 11, '26 October 2020 07:51:59 AM'),
(53, 'ZXlKMFpYaDBJam9pWkhNZ1oyRnpaR2NnWVhOa0lHZGhjMlFnWjJGelpDRHduNWlBSWl3aWJXVmthV0ZmYVdRaU9sc2lNelF5SWwxOQ==', 34, 11, '26 October 2020 08:35:58 AM'),
(54, 'aHR0cDomYW1wOyN4MkYmYW1wOyN4MkYxMjcuMC4wLjEmYW1wOyN4MkZmeXAmYW1wOyN4MkY=', 35, 7, '30 October 2020 09:50:54 PM'),
(55, 'aGVubG8gd29ybGQ=', 37, 11, '21 December 2020 10:59:43 AM'),
(56, 'YXNmZGFzZGYgZmFzIA==', 39, 11, '21 December 2020 11:00:05 AM'),
(57, 'YXNmZGFzZGYgZmFzIA==', 39, 11, '21 December 2020 11:00:08 AM'),
(58, 'YXNmZGFzZGYgZmFzIA==', 39, 11, '21 December 2020 11:00:09 AM'),
(59, 'YXNmZGFzZGYgZmFzIA==', 39, 11, '21 December 2020 11:00:11 AM'),
(60, 'YXNmZGFzZGYgZmFzIA==', 39, 11, '21 December 2020 11:00:13 AM'),
(61, 'YXNmZGFzZGYgZmFzIA==', 40, 11, '21 December 2020 11:00:16 AM'),
(62, 'YXNmZGFzZGYgZmFzIA==', 40, 11, '21 December 2020 11:00:18 AM'),
(63, 'YXNmZGFzZGYgZmFzIA==', 40, 11, '21 December 2020 11:00:20 AM'),
(64, 'YXNmZGFzZGYgZmFzIA==', 40, 11, '21 December 2020 11:00:22 AM'),
(65, 'YXNmZGFzZGYgZmFzIA==', 40, 11, '21 December 2020 11:00:24 AM'),
(66, 'c2RmYXNkZmFzZA==', 37, 11, '2 February 2021 10:55:03 PM'),
(67, 'c2FmYXNkZmFzZGY=', 37, 11, '2 February 2021 10:55:23 PM'),
(68, 'aG93IGlzIGl0Pw==', 41, 11, '4 February 2021 10:28:21 PM');

-- --------------------------------------------------------

--
-- Table structure for table `post_comment_stars`
--

CREATE TABLE `post_comment_stars` (
  `user_id` bigint(20) NOT NULL,
  `comment_id` bigint(20) NOT NULL
) ENGINE=InnoDB DEFAULT CHARSET=utf8;

--
-- Dumping data for table `post_comment_stars`
--

INSERT INTO `post_comment_stars` (`user_id`, `comment_id`) VALUES
(11, 12),
(11, 13),
(11, 14),
(11, 17),
(11, 7),
(11, 19),
(11, 34),
(11, 37),
(11, 41);

-- --------------------------------------------------------

--
-- Table structure for table `post_media`
--

CREATE TABLE `post_media` (
  `media_id` bigint(20) NOT NULL,
  `media_name` varchar(500) NOT NULL,
  `media_type` varchar(500) NOT NULL,
  `user_id` bigint(20) NOT NULL
) ENGINE=InnoDB DEFAULT CHARSET=utf8;

--
-- Dumping data for table `post_media`
--

INSERT INTO `post_media` (`media_id`, `media_name`, `media_type`, `user_id`) VALUES
(1, '160fc802c37c6786c7dacfa582b957f65cf5ddd5d2de2a838416b005b65a0092bd3796.png', 'image', 11),
(198, '44325a46f34b4671f68ba9511344a0cd7d607f561835acaaf91aa96da96dffb2e1e54.png', 'image', 11),
(200, '6933087b4fca032e29fbb4a8afb447f61dab853f76c311fc742cc3733bc927bdf17694.png', 'image', 11),
(201, '923ecd5b6343f571d72a91e339f60d6508670334c57bdd812b37ea07874645dc25e321.png', 'image', 11),
(203, '179d80ae0ccf7c240e2e735d39759f3e93ebed7b5d5a8e2dc142cf85d3b8a92a2eb632.png', 'image', 11),
(204, '511d4fdc0174724e1854be922fc7845e315af77aba17f9f7825b8cf17ff9cefc79f683.png', 'image', 11),
(205, '839e02d9091e054e75ca2de64399d9401835ecf39d1281e510cd7ba0c74d347754f85.png', 'image', 11),
(206, '350b0779ba54aabe02c94769a878e7d3f8fff731155f42c5fd55f1ecb606f9adfd752.png', 'image', 11),
(207, '341ddc5cff836bc761edbf472950a39ba14760c8e79dff40819599880734803317b575.png', 'image', 11),
(208, '1439a6ec94dc3fe9fe07497f9fbea5e7c4665d4cafc68a16068f49f506c11740ad3304.png', 'image', 11),
(209, '6188d0c43177afba5cbddc57ce2753d419e2d7fa96d906fc0cf55ca90214852b013280.png', 'image', 11),
(210, '8665c78c183871cfe82f020e7103daa0b9d1355f7883f517c52fe51ebfe0edabe8488.png', 'image', 11),
(211, '42083724dfaa3f2e7609616ee10b37b004567d32637d61a953912d868fe75dc183d853.png', 'image', 11),
(212, '93b5490b62f30e477244146eecaf46c41688941363ca19ce413896208ea52f0708758.png', 'image', 11),
(213, '7621d9e4e38e1fe7dcd5c4b4a8cc6f1790017e8476c184d82f9e16ecad19b304a5512.png', 'image', 11),
(214, '124b05ed6835f0d7438604d646c584f5b77f71a603de600cb31fe01f28c4c4c2094403.png', 'image', 11),
(215, '8737e7a21dde288fd89b91b5e858dcb788545f71310805effea30c9605a44d6ab00238.png', 'image', 11),
(216, '407973d3be54b6483a36cc69069b719ccb0a936e3aa02d2fd87deffaacc289a25cf672.png', 'image', 11),
(217, '648beb80eaddc2f984bfc7a3eecc32d245df4e8f1319eeb452192bbbce7647932e6470.png', 'image', 11),
(218, '83698f8858198faa2aa8c8a5b7b27a1e3e870f9811fff8d870ab73c0468fb8551ed416.png', 'image', 11),
(219, '6915c5e4f9999774e661fbda2776cf117a5817b9db9eea3856553a836c52c930b08262.png', 'image', 11),
(220, '715efbe3150c5f0e504ede01864b32ea329e593a883079f2f8a75db43567aada5d303.png', 'image', 11),
(221, '677fd6a60fce6c4f194e859ae16582777fcf651ee62562d83ed4a974b5b1cf10f6f896.png', 'image', 11),
(222, '70452234db228f592590d82c85db2e07c19d6dd8b264d4669225b23a0ca9599217d15.png', 'image', 11),
(223, '38874132e7d5c2d0455c8d13e5fe78994dd36814f1d3c694f1778c39b5c5db2f8ac983.png', 'image', 11),
(224, '3965fb4a3fb0c041e6d9b3a83bfa3d0dddf1c6775de81a7f0aad2800666fb6f68d0207.png', 'image', 11),
(225, '5041b1a54e8dddd0cb6c9b9356f1ea841c25ef60ef2051029181038db3d5d58db0c405.png', 'image', 11),
(226, '57386108cf643e6ca0f71169fd312e7ed27a2f019f2848389eef4597fcc8f15cae8668.png', 'image', 11),
(227, '2710dbb70c04060fff558fccd8b3008e8b3f37b77d555b2d81fe044c6e11ab441f7796.png', 'image', 11),
(228, '2837625b999c2ce00199419c52dd1e51e6a02d006378b7b7b983edd6d7cec49de2529.png', 'image', 11),
(229, '85190a754db6639b7a7f2cb97ca20d4abb6840847e9f46931169c999ff937951b5b258.png', 'image', 11),
(230, '932c0c6456b53d06582dda3c0c9f77aa112ff34479da08b1479d15f007712e497c2800.png', 'image', 11),
(231, '7027d3aa50b71aad4a4c445916c4984ced4f6c707b5cea56e93e11fe87dfc7ba0ec394.png', 'image', 11),
(232, '865b269b94d055500359405a62deb8da03839b4eefd281c3c6373007cf45706fd41294.png', 'image', 11),
(233, '594128494ec54d2f20128e57ca70bfdfa81edd963c77c1a239971cb158509e10f1c536.png', 'image', 11),
(234, '142ef380783c38c2c2d7c1610e7c96d931c607962658577da90589596505300f282867.png', 'image', 11),
(235, '85e42790cfeb506b1447a486b8fa5b44b400247cee650cc755c8be5dcf7c5a091972.png', 'image', 11),
(236, '2248094331aee1a89f75df57d0ceaec1a5e6772f4d0b8e26632744a7993cf6f654c516.png', 'image', 11),
(237, '696ed2a030faa79ad3ff0a278ae16995cf3931ef35c9687554f1fcfc51b337a7a94472.png', 'image', 11),
(238, '3382a08efc1550a59c25cac0f8e4232135b7b7e0240221d025645d00a5a57cdd196245.png', 'image', 11),
(239, '3056626837b159e08b099a936395a49ed9e00b9f905a610f210112e72bccce06d49711.png', 'image', 11),
(240, '478d54bc2b2496488416cb40d08471720e595731e560d82235e74537d367dca948d471.png', 'image', 11),
(241, '943ba4fea8e4dd5f524eb1e26638ed46a5f652ec4d729c316de0c88ecaf3cd3cb1a612.png', 'image', 11),
(242, '20102d117fa45cf1c5eba571e28cf38ae6cedec83c654224fcbefa401e9257bc591875.png', 'image', 11),
(243, '59019614932eb4865726579ce86a93d6d6e94fc5c41a412705d27dad113bcbc6582796.png', 'image', 11),
(244, '8510a3b1f77474136a097d4dc46b7034e6afe18335dbb363ca3c879392a88022f00740.png', 'image', 11),
(245, '252c8f803715d7f9b8a86aeee1a0696e7ae59ae0eecd6e0122d3c2ddc714387e516538.png', 'image', 11),
(246, '103d95652a4ed32f51c0d07d837ac39a42bedf1a9db1630eed0fb38fa3afe0fc5c0509.png', 'image', 11),
(247, '105c3e3d4882266f5a92c1b9b266dd7dbc169e438e8aa7ac3f4b8c5f7a92f698c45647.png', 'image', 11),
(248, '6256056cc540a586c41caa5f8aca7bd088392a8db16c2e0042e717812a6be011527711.png', 'image', 11),
(249, '145741d57c09e3449a558ea73018be3d9f653d412fa364f119fe66caf78aa3f2a5c361.png', 'image', 11),
(250, '8668999843ba7f83855b733bce95000fe229ab8a84a3811caa9aa3899949120db5a512.png', 'image', 11),
(251, '631981fe06fefed3788587c96f029305493301a378d1b4445d6a6005bdd7b4a4ee701.png', 'image', 11),
(252, '83104bcb9d4e1c84fa71a97bbcdcf33b654346f83bd5e63a3bf7b12271ad4e8ac4236.png', 'image', 11),
(253, '3747e4d8062ba1681218ceae3165651357c197b6d665233a4e5cb4da28f98ba8bce831.png', 'image', 11),
(254, '6658fd5fefc703c9720576905791f04a55019abe02a65031d7e198a8558c24830dc244.png', 'image', 11),
(255, '339fe339bd0dbd02d0f8af4f2659f213ade642ab8a38db91c264a200349a18b91c308.png', 'image', 11),
(256, '664394103fbfce1004bc948ca113d85fa4d4cc673db79bbb2527bd9eb8a5b36a6da975.png', 'image', 11),
(257, '893a7144c1da476d05894e6c7ae0ad127d524a81f12308933d7450a4ba241ce1c52480.png', 'image', 11),
(258, '195f4ad9628b0d7a3734657ce5e4ef8a8a98aa316111e6ea82f31f01d169c069900670.png', 'image', 11),
(259, '268b5a203ec3a5afe67e2187e352003cd773731f8e63fa80a3aeefa8a97ed260528542.png', 'image', 11),
(260, '896dd181f1731bfce55f77040ec66b0e8391ec87942980b8a7a8e025bb32875880309.png', 'image', 11),
(261, '18403a19898b8982f98128dbe5e8decfb632a597a3cdd41f1fcdbd76238a69b0843994.png', 'image', 11),
(262, '8358bc6126a4b4fceda6a6a5cb6442ac8c31825e97aafa9cf15e7949da428ff547d531.png', 'image', 11),
(263, '912afd0542488959a84572b81309d11a323288be38b3740eaee4356a58bc0b27cbc547.png', 'image', 11),
(264, '509e6ed9fdf95f4e70045e153bb3c51a5a2df6392792610626c447ba65d8bbae111224.png', 'image', 11),
(265, '68314b0b24044e95fd90ac0e911d3f93033172a872190023b37ea13e08c0879c92a584.png', 'image', 11),
(266, '590fe01963c0fc9ed6d4043a721a06a332551c90efbfe70540f669ec334db89667e969.png', 'image', 11),
(267, '872e88cacde0cdda7d3df59f91287625cf200669962bafda21807441dd90ac9342949.png', 'image', 11),
(268, '370218754a540656980743ba73d46eceeadea637cf31931fcc0318a7de4d77593e7126.png', 'image', 11),
(269, '3566bca35e00cbbc442ab70bd9b63c55c28b65cef881fbc07e72ef8e841af42a8f9686.png', 'image', 11),
(270, '44373dd4dcaed914b5326117d5c5c57052d0b457b002550c6adacd785389d603732836.png', 'image', 11),
(271, '72e119cec8d5d35954219ad0d20d79584fad7e42704bff3eb4c76ae44d473af3c678.png', 'image', 11),
(272, '240ecc8cd8837bfb37ee5e8649649f38cf22eefa0bef718df418768c93236baad70360.png', 'image', 11),
(273, '84311d5fd93576a8fef46df24b835837658b85d0c574fba4fd0fb17615cd3e1b639810.png', 'image', 11),
(274, '4978fda3f49b0c5da7aafb49ac23a5d7ac64172db1faf806f02125793163674a533722.png', 'image', 11),
(275, '8566528bb315ee1609d9ecce284fdc0b7438590cc3de2a76e2c4e7e45541c26cc6c287.png', 'image', 11),
(276, '94067e7365748e94f84fd8cd97de544973a975c9b13b147f42d245bd2bafa512c81726.png', 'image', 11),
(277, '2914ed893608b20771f3b4eb856dad94ab37e892936d078bb9d00de1785d24a5c01677.png', 'image', 11),
(278, '381d4792b4def7acf7a9f2228d0e3f06836799116b7997f90405cea24bc1cb13f48550.png', 'image', 11),
(279, '6959786b24b455ab7e617425d2bae59e032375b7cb081feac32496d848828fefa9d395.png', 'image', 11),
(280, '4752bb4469d918599a2ede8d24ae90755a47e41386dd58de856366c41c92d4a0d7d377.png', 'image', 11),
(281, '617be36319923ecb3d4655fd09c75aab49dc92efaadefdd0a102b84e14c06624154633.png', 'image', 11),
(282, '260e9d782e8ee7bf162dd790cfab273ee9bbe78cec5b0e7051ad7e41f820674f854224.png', 'image', 11),
(283, '148b0109583749173b8b4f5de74cab9bac0c3acfc4d34518536488791b9a968fb51424.png', 'image', 11),
(284, '603559c9286790fff85bca2fbb15365f109ed568ffee2a830454bd699e75e064bd4800.mp4', 'image', 11),
(285, '4018b8116013f1d3de111cd5d8d6afcfdc1f855e96dfcd25f5b3811f2edb2ad2da2963.mp4', 'image', 11),
(286, '7014617f9f3fb63c5cef326ebf4da35e922e5de6977d22e8a4bab5d5761afd492b8391.mp4', 'image', 11),
(287, '4453b7da8a55ad563ef69f15f13dd468fdfccddf021771159b074d050d37bbf89eb681.mp4', 'image', 11),
(288, '316d737a39f6d1289718c99d4de4a3bc452a84754f81defbb3ccb6a1cbf340161a2200.mp4', 'image', 11),
(289, '838cf97d9e7a9f819c6099296010295a9506268195ec26c29601214eca445e1527b521.mp4', 'image', 11),
(290, '390d220762b7a87a27c42dd1519651a89bfc0f5c8441ce46ee025da3e61cf4acde1967.mp4', 'image', 11),
(291, '349d3d193f505f32c7e67671494d31b665b98e17a0d6baf0827fcafd6f4db000d3a240.mp4', 'image', 11),
(292, '437fcc2912c19c56c97ff7d14840b5938d6363b66bfded67c1bb5d8d9026ef5eef324.mp4', 'image', 11),
(293, '589f84ea8d079e98f37f7a6307fcd47c7401e16d15d6274d94dcfbce11c2796e71983.mp4', 'image', 11),
(294, '8575918963d2538476563a96da7c2eb157288879285b055f8c30b80bf7af07e4167502.mp4', 'image', 11),
(295, '772d6e475e5cb1f0a0d4d4a987034d5a5cb887a6d1eada745335c31f2e19a4cf04e933.png', 'image', 11),
(296, '72242b58d91ae3430b122eba04f17939fa656d83a6f0dd51ef004a3a3fa3f243f76764.png', 'image', 11),
(297, '8173373afeadbc8bad76ae19f9c53fe7ce64acfbeb321b8e9d0bf9181438686f59d207.png', 'image', 11),
(298, '319079a3f963108f430fcc4fd99211761c29fee8abe838d9b7d36196997ac8a6e04390.png', 'image', 11),
(299, '91645f3713ac3cf045a74c13b305e7227be520e3fba18120a8ce32eb19f087ed1af172.png', 'image', 11),
(300, '1558e756349236c74f32fa624bf3ee9cfebdfc960ddf2a32a7a6f98b2460f73b70577.png', 'image', 11),
(301, '75e90e1f20642d6d95ceb8209dd0eba5469865280b8f175e4edbb791d1cd519278292.png', 'image', 11),
(302, '251c992d5818a63a28385b77721c8945df14f37640cc763268e6dabfd70fa53c44a919.png', 'image', 11),
(303, '404328808071f51779156a858f636fbe26328c950ba6601c68d6950dbd1656b8317971.mp4', 'image', 11),
(312, '38f2e3d59e3d19d2797f81b6046ed071b23ef2099bcc14387320e0c7aec44f5986187.png', 'image', 11),
(313, '31948a998a34d454ee373a1f71525900c86caafd722b89ec41a0cfaa8ffb58e24ed96.mp4', 'image', 11),
(314, '131950f65eaf9fedd5b11dea27e9acddb565ef63f65b375217a1de2e130c9651da8909.png', 'image', 11),
(315, '719bf806dbbc22e9dec8270ccb3155de86dfda1cedda660cc489ead70f7a1fdf84442.png', 'image', 11),
(316, '882cdc36e55f51338b695321c04be9d6dfc657993d02c3dc3444148afd94abe90e4467.png', 'image', 11),
(317, '341573ca06ac59b1ecaf82ba1fae132ed7ca8e4fb7996b45f897b0cc478904f02bb334.png', 'image', 11),
(318, '94849c1145e09fad15dcac21416f66b5b3b065dc33897fcc328edb8363946becae3195.png', 'image', 11),
(319, '7373c88d635c3994095edb1234bd6bd1261305f6a888060e484c50ca713510f527f894.png', 'image', 11),
(322, '480b27451c3d9e49dc547993a54ce8e7ee83de278072c85cd811d4f0925422a113352.mp4', 'image', 11),
(323, '897dfc846e52990817f955599a61d042bb950c388464535d421551a89dd2788214b232.png', 'image', 11),
(324, '9430bd366afb93e1673afb8e9dc65adf68828162924baf3ba41303c66301f38cdb3593.mp4', 'image', 11),
(325, '756b911a379f22963a5f2182828e4305399b7d8f8f1957a710f8e0b45ed44606c0f887.mp4', 'image', 11),
(326, '498caa97b702a323ca29794bd6f665a4beebcd5622f8fd8022bb357a286af345ace614.mp4', 'image', 11),
(327, '364535cb30d9484b37914555c30fba06b52650aa7d5e02786dac1fc2567fc207003628.mp4', 'image', 11),
(328, '20045210bbed0d82c803335c63cdccca3a1c2178412e615aa84f238e3743962ceb2200.mp4', 'image', 11),
(329, '4183a0e74441af640ccf20aa27cbb6012b3071841d8e2ddc131035d84a8e14f3452780.mp4', 'image', 11),
(330, '464e89681bc23190855b75aec39f7246a3eb8da0bf0bfe4d16f4e3f77d08760cf04744.mp4', 'image', 11),
(331, '588ad5d9341990e3dc228318aa8e9af0e5ca0a077b64e442bb0a11d15df71c827da258.mp4', 'image', 11),
(332, '363513a78dec55866cb9cafb0d1d8e491553460060c7353d78da6ab62f44e722619770.mp4', 'image', 11),
(333, '26509972287700048db3aa22a9ed1e87f8bd2920d320d3b75fe6682f4a5a20ba656133.mp4', 'image', 11),
(334, '878d15ef4a8915c95826947d0c7e48d51fb743c38add3821328b5c23e35f0ea468b13.mp4', 'image', 11),
(335, '8811bdf77e18debcbcd3ca2ee93556d1ce28aad1204567a32326e175703b76f70c2223.png', 'image', 11),
(337, '20660d0a34e0e99361bf29db550e7e5e5bb988c4a04a4ae428fe5639f3b3a9e677d285.mp4', 'image', 11),
(338, '5573549d3fe143db2036c5a0dfebd6644e4aa0b5b7847f71a2ba1f3938622f2ba0c431.mp4', 'image', 11),
(339, '5239d40aff7c9f50ba3b024be107d53e6d0afffaf7d7e81863355842e3531798d586.mp4', 'image', 11),
(340, '539c860e1dfa77dc9dca1b73f9064fe98ca09f899cdcc9952600722cfb835c6dfe1756.mp4', 'image', 11),
(342, '23942ef3e71b8c5521aa2d17a2d531fccff1a6f4b419277a5678237ddf8a0cbe95e572.mp4', 'image', 11),
(343, '614c276d69d22e5908be2ebb0419f9c7c6e3801906c9a75b486fb54797d643b85e5176.png', 'image', 7),
(344, '510fafbcdb7de9bb9d18e59443c031b0d5ffe6a20d1f9e951ac3d8636ebc06452dc960.png', 'image', 7),
(345, '830d46f36018689dec571ee651b7b22a9829d2c1a69d0d78c8b19bbfba502620430245.png', 'image', 11),
(346, '2326ff89c3ac6a27f3fea2f12107936c1786df6181cc0dee80c9d470272eaa1a904360.png', 'image', 11),
(348, '698fd6873366409f47da306c6813d73e87606a003eaa4446769de5ea1e87736484c843.png', 'image', 7);

-- --------------------------------------------------------

--
-- Table structure for table `post_reply_stars`
--

CREATE TABLE `post_reply_stars` (
  `user_id` bigint(20) NOT NULL,
  `reply_id` bigint(20) NOT NULL
) ENGINE=InnoDB DEFAULT CHARSET=utf8;

--
-- Dumping data for table `post_reply_stars`
--

INSERT INTO `post_reply_stars` (`user_id`, `reply_id`) VALUES
(11, 8),
(11, 20),
(11, 24),
(11, 22),
(11, 13),
(11, 34),
(11, 36),
(11, 38),
(11, 50);

-- --------------------------------------------------------

--
-- Table structure for table `post_stars`
--

CREATE TABLE `post_stars` (
  `post_id` bigint(20) NOT NULL,
  `user_id` bigint(20) NOT NULL
) ENGINE=InnoDB DEFAULT CHARSET=utf8;

--
-- Dumping data for table `post_stars`
--

INSERT INTO `post_stars` (`post_id`, `user_id`) VALUES
(105, 11),
(101, 11),
(98, 11),
(80, 11),
(79, 11),
(78, 11),
(77, 11),
(76, 11),
(73, 11),
(72, 11),
(62, 11),
(108, 11),
(109, 11),
(116, 11),
(117, 11),
(86, 11),
(118, 11),
(119, 11),
(121, 11),
(17, 11),
(18, 11),
(125, 7),
(120, 11),
(26, 11),
(30, 11),
(34, 11),
(31, 11),
(41, 11),
(35, 11),
(158, 11),
(161, 11);

-- --------------------------------------------------------

--
-- Table structure for table `requests`
--

CREATE TABLE `requests` (
  `sender` bigint(20) NOT NULL,
  `receiver` bigint(20) NOT NULL
) ENGINE=InnoDB DEFAULT CHARSET=utf8mb4;

--
-- Dumping data for table `requests`
--

INSERT INTO `requests` (`sender`, `receiver`) VALUES
(16, 15);

-- --------------------------------------------------------

--
-- Table structure for table `status`
--

CREATE TABLE `status` (
  `status_id` bigint(20) NOT NULL,
  `user_id` bigint(20) NOT NULL,
  `type` varchar(500) NOT NULL,
  `status_text` text NOT NULL,
  `media` text NOT NULL,
  `time_uploaded` text NOT NULL,
  `bg_color` text NOT NULL,
  `font` text NOT NULL
) ENGINE=InnoDB DEFAULT CHARSET=utf8mb4;

--
-- Dumping data for table `status`
--

INSERT INTO `status` (`status_id`, `user_id`, `type`, `status_text`, `media`, `time_uploaded`, `bg_color`, `font`) VALUES
(19, 11, 'text', 'bmV3IHRlc3Q=', 'none', '2021-01-07', 'cmdiKDUsIDIwNSwgODEp', 'Annie Use Your Telescope'),
(20, 11, 'text', 'bmV3', 'none', '2021-01-07', 'cmdiKDUsIDIwNSwgODEp', 'Allan'),
(21, 7, 'text', 'aGVubG8=', 'none', '2021-01-07', 'cmdiKDUsIDIwNSwgODEp', 'Annie Use Your Telescope'),
(22, 7, 'text', 'bmV3', 'none', '2021-01-07', 'cmdiKDUsIDIwNSwgODEp', 'Annie Use Your Telescope'),
(23, 10, 'text', 'bmV3', 'none', '2021-01-07', 'cmdiKDUsIDIwNSwgODEp', 'Allan'),
(24, 7, 'text', 'aGVsbG8=', 'none', '2021-02-02', 'cmdiKDI0MSwgMTk0LCA1MCk=', 'Architects Daughter'),
(25, 7, 'text', 'RW50ZXIgdGV4dCBoZXJl', 'none', '2021-02-02', 'cmdiKDUsIDIwNSwgODEp', 'Architects Daughter'),
(26, 7, 'text', 'RW50ZXIgdGV4dCBoZXJl', 'none', '2021-02-02', 'cmdiKDUsIDIwNSwgODEp', 'Architects Daughter'),
(27, 7, 'text', 'aGVsbG8gdGhpcyBpcyBhIHRlc3Q=', 'none', '2021-02-02', 'cmdiKDUsIDIwNSwgODEp', 'Calligraffitti'),
(28, 7, 'text', 'R2V0IHRoZSBsYXRlc3QgdHV0b3JpYWxzIG9uIFN5c0FkbWluIGFuZCBvcGVuIHNvdXJjZSB0b3BpY3MuCkVudGVyIHlvdXIgZW1haWwgYWRkcmVzcwpTaWduIFVwCjIxIERBWVMgVXBjb21pbmcgVGVjaCBUYWwKIFNlYXJjaCBDb21tdW5pdHkgLwpTaWdu', 'none', '2021-02-02', 'cmdiKDUsIDIwNSwgODEp', 'Calligraffitti'),
(29, 7, 'text', 'dGVzdGluZyBzdGF0dXM=', 'none', '2021-02-05', 'cmdiKDQxLCAxMzQsIDIwNCk=', 'Annie Use Your Telescope');

-- --------------------------------------------------------

--
-- Table structure for table `users`
--

CREATE TABLE `users` (
  `email` varchar(200) NOT NULL,
  `uid` varchar(150) NOT NULL,
  `password` varchar(500) NOT NULL,
  `firstname` varchar(150) NOT NULL,
  `lastname` varchar(150) NOT NULL,
  `bio` varchar(500) NOT NULL DEFAULT ' ',
  `dplink` varchar(500) NOT NULL DEFAULT 'default.jpg',
  `coverlink` varchar(500) NOT NULL DEFAULT 'default-cover.png',
  `location` varchar(500) DEFAULT NULL,
  `education` varchar(500) DEFAULT NULL,
  `work` varchar(500) DEFAULT NULL,
  `date` int(5) NOT NULL,
  `month` varchar(50) NOT NULL,
  `year` int(50) NOT NULL,
  `id` bigint(255) NOT NULL,
  `forgot_token` varchar(500) DEFAULT NULL,
  `token_date` varchar(100) DEFAULT NULL
) ENGINE=InnoDB DEFAULT CHARSET=latin1;

--
-- Dumping data for table `users`
--

INSERT INTO `users` (`email`, `uid`, `password`, `firstname`, `lastname`, `bio`, `dplink`, `coverlink`, `location`, `education`, `work`, `date`, `month`, `year`, `id`, `forgot_token`, `token_date`) VALUES
('faizan@gmail.com', 'faizan', '14cbd5391ce35fd9f8694c4239b5cc34', 'Faizan', 'Ahmed', 'Z29vZCBib3k=', 'default.jpg', 'default-cover.png', 'S2FyYWNoaSxQYWtpc3Rhbg==', 'QlNDUyBmcm9tIFNNSVU=', 'dGhldmVsb3BlciBhdCBTb2NpYWwgQ29kZQ==', 15, 'Dec', 1996, 7, NULL, ''),
('farhan@gmail.com', 'farhan', '14cbd5391ce35fd9f8694c4239b5cc34', 'Muhammad', 'Farhan', 'dGVzdGluZzxzY3JpcHQ+YWxlcnQoMSk7PC9zY3JpcHQ+', '946b92fe48aef9ab8bdefe2995c67ba4d87fb9cd8232cd12032e34b297a47fb585e470.png', '104161e0a5d8e4240b1ef27fb7959e31843af389816bb0b23f2560823ad63a9f054613.png', 'S2FyYWNoaSxQYWtpc3Rhbg==', 'QlNDUyBmcm9tIFNNSVU=', 'dGVzdGVyIGF0IHRlc3Q=', 18, 'Dec', 1998, 11, NULL, ''),
('mohsin@gmail.com', 'mohsin', '14cbd5391ce35fd9f8694c4239b5cc34', 'mohsin', 'rizvi', ' ', 'default.jpg', 'default-cover.png', NULL, NULL, NULL, 13, 'Sep', 1997, 15, NULL, NULL),
('ali@gmail.com', 'aliraza', '14cbd5391ce35fd9f8694c4239b5cc34', 'ali', 'raza', ' ', 'default.jpg', 'default-cover.png', NULL, NULL, NULL, 15, 'Jul', 1996, 16, NULL, NULL);

-- --------------------------------------------------------

--
-- Table structure for table `user_post`
--

CREATE TABLE `user_post` (
  `post_id` bigint(20) NOT NULL,
  `u_id` bigint(20) NOT NULL,
  `post_text` mediumtext NOT NULL,
  `post_media_id` text NOT NULL,
  `post_time` text NOT NULL
) ENGINE=InnoDB DEFAULT CHARSET=utf8;

--
-- Dumping data for table `user_post`
--

INSERT INTO `user_post` (`post_id`, `u_id`, `post_text`, `post_media_id`, `post_time`) VALUES
(30, 11, 'c2RmIHNhZGZhc2RmIGZzYWQgZnNkYSBm', 'a:1:{i:0;s:3:\"214\";}', '18 October 2020 09:37:02 AM'),
(31, 11, 'YWRzZmRzYSBmc2FkZiBzYWRmIHNhZCBmc2E=', 'a:1:{i:0;s:3:\"215\";}', '18 October 2020 09:37:29 AM'),
(32, 11, 'ZHNhZiBzYWRmIHNkYSBmc2FkZiA=', 'a:1:{i:0;s:3:\"216\";}', '18 October 2020 09:38:11 AM'),
(33, 11, 'YWYgZHNhZiBhc2RmIGFkc2YgZGFzZiBhZHMgZmFkc2Yg', 'a:1:{i:0;s:3:\"217\";}', '18 October 2020 10:08:40 AM'),
(34, 11, 'dmRnIGRnIHNkZmcgc2RmZyBzZg==', 'a:0:{}', '18 October 2020 10:09:20 AM'),
(35, 11, 'ZHNmIGFzZCBmYXNkZiBhc2RmIA==', 'a:1:{i:0;s:3:\"218\";}', '18 October 2020 10:09:40 AM'),
(36, 11, 'ZGYgc2RhZiBzYWRmIGFzZGYg', 'a:1:{i:0;s:3:\"219\";}', '18 October 2020 10:10:11 AM'),
(37, 11, 'YWQgYWcgYWRmZyBzZiBmaGRnIGpnaCBqZmdoIGpmZ2hq', 'a:1:{i:0;s:3:\"220\";}', '18 October 2020 10:25:18 AM'),
(38, 11, 'ZmRzYSBmYXNkZiBzZGYgc2FkIGY=', 'a:1:{i:0;s:3:\"221\";}', '18 October 2020 10:26:45 AM'),
(39, 11, 'ZHNhZiBzYWQgZmFzZGYgYXNkZiBzYWQgZg==', 'a:1:{i:0;s:3:\"222\";}', '18 October 2020 10:28:51 AM'),
(40, 11, 'YWRzIGZzZGYgYXNkZiBzYWQgZnNkYSBmYXNkZiA=', 'a:1:{i:0;s:3:\"223\";}', '18 October 2020 10:29:55 AM'),
(41, 11, 'ZHNmIGFkc2YgYXNkZiBzYWRmIA==', 'a:1:{i:0;s:3:\"224\";}', '18 October 2020 10:32:14 AM'),
(42, 11, 'ZHNhIGZhc2RmIHNhZGYgc2FkZg==', 'a:1:{i:0;s:3:\"229\";}', '18 October 2020 11:02:32 AM'),
(43, 11, 'LnN1Ym1pdC1wb3N0LnN1Ym1pdC1wb3N0LnN1Ym1pdC1wb3N0LnN1Ym1pdC1wb3N0LnN1Ym1pdC1wb3N0LnN1Ym1pdC1wb3N0LnN1Ym1pdC1wb3N0LnN1Ym1pdC1wb3N0LnN1Ym1pdC1wb3N0LnN1Ym1pdC1wb3N0LnN1Ym1pdC1wb3N0LnN1Ym1pdC1wb3N0LnN1Ym1pdC1wb3N0LnN1Ym1pdC1wb3N0LnN1Ym1pdC1wb3N0LnN1Ym1pdC1wb3N0LnN1Ym1pdC1wb3N0LnN1Ym1pdC1wb3N0LnN1Ym1pdC1wb3N0LnN1Ym1pdC1wb3N0LnN1Ym1pdC1wb3N0LnN1Ym1pdC1wb3N0LnN1Ym1pdC1wb3N0LnN1Ym1pdC1wb3N0LnN1Ym1pdC1wb3N0LnN1Ym1pdC1wb3N0LnN1Ym1pdC1wb3N0LnN1Ym1pdC1wb3N0LnN1Ym1pdC1wb3N0LnN1Ym1pdC1wb3N0LnN1Ym1pdC1wb3N0LnN1Ym1pdC1wb3N0LnN1Ym1pdC1wb3N0LnN1Yg==', 'a:0:{}', '18 October 2020 11:07:58 AM'),
(44, 11, '', 'a:1:{i:0;s:3:\"230\";}', '18 October 2020 11:08:12 AM'),
(45, 11, 'ZHNmc2FkZmFzZGZzYWRmc2RmYXNk', 'a:0:{}', '18 October 2020 11:18:29 AM'),
(46, 11, '8J+Zg/CfpKnwn5mDZHNhZnNkYWZhc2RmYXNkZmFzZGZzZGY=', 'a:0:{}', '18 October 2020 11:18:42 AM'),
(47, 11, '8J+Zg/CfmYPwn5mD8J+Zg/CfmYNkZmFkc2Zhc2RmYXNkZmFzZGZkc2bwn5iH8J+kqfCfmYPwn5iH', 'a:0:{}', '18 October 2020 11:25:47 AM'),
(48, 11, 'c2RmYXNkZnNkYWY=', 'a:1:{i:0;s:3:\"231\";}', '18 October 2020 11:26:16 AM'),
(49, 11, '', 'a:1:{i:0;s:3:\"232\";}', '18 October 2020 11:27:13 AM'),
(50, 11, '', 'a:1:{i:0;s:3:\"233\";}', '18 October 2020 11:29:21 AM'),
(51, 11, 'c2FkYXNkYXNk', 'a:1:{i:0;s:3:\"234\";}', '18 October 2020 11:33:00 AM'),
(52, 11, 'c2FkYXNkYXNk', 'a:1:{i:0;s:3:\"234\";}', '18 October 2020 11:33:00 AM'),
(53, 11, 'c2FkYXNkYXNk', 'a:1:{i:0;s:3:\"234\";}', '18 October 2020 11:33:00 AM'),
(54, 11, 'c2FkYXNkYXNk', 'a:1:{i:0;s:3:\"234\";}', '18 October 2020 11:33:00 AM'),
(55, 11, '', 'a:1:{i:0;s:3:\"235\";}', '18 October 2020 11:33:18 AM'),
(56, 11, '', 'a:1:{i:0;s:3:\"235\";}', '18 October 2020 11:33:18 AM'),
(57, 11, '', 'a:1:{i:0;s:3:\"235\";}', '18 October 2020 11:33:18 AM'),
(58, 11, '', 'a:1:{i:0;s:3:\"235\";}', '18 October 2020 11:33:18 AM'),
(59, 11, '', 'a:1:{i:0;s:3:\"242\";}', '18 October 2020 11:39:28 AM'),
(60, 11, '', 'a:1:{i:0;s:3:\"243\";}', '18 October 2020 11:44:41 AM'),
(61, 11, '', 'a:1:{i:0;s:3:\"244\";}', '18 October 2020 11:45:17 AM'),
(62, 11, '', 'a:1:{i:0;s:3:\"245\";}', '18 October 2020 11:47:03 AM'),
(63, 11, '', 'a:1:{i:0;s:3:\"246\";}', '18 October 2020 11:47:27 AM'),
(64, 11, '', 'a:1:{i:0;s:3:\"247\";}', '18 October 2020 11:50:54 AM'),
(65, 11, '', 'a:1:{i:0;s:3:\"248\";}', '18 October 2020 11:53:30 AM'),
(66, 11, '', 'a:1:{i:0;s:3:\"249\";}', '18 October 2020 11:54:32 AM'),
(67, 11, '', 'a:1:{i:0;s:3:\"250\";}', '18 October 2020 11:55:52 AM'),
(68, 11, 'ZmFkZmFzZGZhc2Rm', 'a:2:{i:0;s:3:\"251\";i:1;s:3:\"252\";}', '18 October 2020 12:02:43 PM'),
(69, 11, 'ZHNnIGRnZHNmZyBkZmcgZHNnIGRzZiBnZGZzIGdkc2ZnIHNkZmcgc2RmZg==', 'a:1:{i:0;s:3:\"253\";}', '18 October 2020 03:45:33 PM'),
(70, 11, 'YXNkZiBkc2FmICBmaGFzZGZqa2hhc2YgaGFzIGZoYXNramZoYWtzamhmbGFobGZqYXNoZmQgbGFza2hmamFrbHNoZGZqa2FzbGhmbGtqYXNoZiBmaGpza2FoZiBhZmhzYSBma2phcyBoZmthanMgaGZsYXNoZGY=', 'a:0:{}', '18 October 2020 03:47:18 PM'),
(71, 11, 'c2RmYXNkZmFzZGY=', 'a:0:{}', '18 October 2020 03:48:48 PM'),
(72, 11, 'ZHNhZiBzZGFmIHNkZiBhc2Qgc2EgZmFzZGYgYWQgZHMgZmFzZCA=', 'a:0:{}', '18 October 2020 03:49:58 PM'),
(73, 11, 'ZHNmc2FkZiBmZmRhc2YgYXNkZiBhc2RmIGFkcyBmYXNkIGZhZHNmIGFzZGYgcw==', 'a:0:{}', '18 October 2020 03:51:40 PM'),
(74, 11, 'c2Rmc2RhIGZhc2RmIGFzZGYgYXNkZiBhc2Rm', 'a:0:{}', '18 October 2020 03:52:22 PM'),
(75, 11, 'YWRzZiBhc2RmIGFzZGYgYXNkZg==', 'a:0:{}', '18 October 2020 04:01:37 PM'),
(76, 11, 'c2RhZiBzZGFmIHNhZGYgYXNkZiBzYWRmIGRzYWYgYXNkZmFzZGZhc2QgZmFzZGYgYXNkZiA=', 'a:0:{}', '18 October 2020 04:02:02 PM'),
(77, 11, 'ZnNhZGYgYXNkZiBhc2ZkYXMgZmFzZiBhc2RmIGFzZGYgYXNkZg==', 'a:0:{}', '18 October 2020 04:02:24 PM'),
(78, 11, 'YWRzZiBhc2RmIGFzZGZhc2RmIGFzZGYg', 'a:0:{}', '18 October 2020 04:04:26 PM'),
(79, 11, 'ZHNhZiBhc2YgYXNkZiBhc2RmIGFzZGYgc2FkZg==', 'a:0:{}', '18 October 2020 04:05:33 PM'),
(80, 11, 'YWRzIGZhc2RmIGFzZGYgYXNkZiA=', 'a:0:{}', '18 October 2020 04:08:32 PM'),
(81, 11, 'YXNkIGFzZGYgYXNkZiBhc2RmIGFzZGYgYXNkZiA=', 'a:0:{}', '18 October 2020 04:11:11 PM'),
(82, 11, 'aGVsbG8gdGhpcyBwb3N0IGlzIGZvciB0ZXN0aW5nIG9ubHkh8J+kqQ==', 'a:3:{i:0;s:3:\"254\";i:1;s:3:\"255\";i:2;s:3:\"256\";}', '18 October 2020 04:13:42 PM'),
(83, 11, 'dGhpcyBpcyBhIHRleHQgZm9yIG15IG5ldyBwb3N08J+kqQ==', 'a:2:{i:0;s:3:\"257\";i:1;s:3:\"258\";}', '18 October 2020 04:16:28 PM'),
(84, 11, 'dGhpcyBpcyB0aGUgZGVtbyB0ZXh0IGZvciBwb3N08J+kqQ==', 'a:2:{i:0;s:3:\"259\";i:1;s:3:\"260\";}', '18 October 2020 04:21:02 PM'),
(85, 11, 'dGVzdGluZ/CfmIc=', 'a:2:{i:0;s:3:\"261\";i:1;s:3:\"262\";}', '18 October 2020 06:11:56 PM'),
(86, 11, 'dGhpcyBpcyBhIGRlbW8gdGV4dCBmb3IgdGhpcyBwb3N0LvCfpKk=', 'a:2:{i:0;s:3:\"263\";i:1;s:3:\"264\";}', '18 October 2020 06:15:58 PM'),
(87, 11, 'dGV4dPCfpKk=', 'a:1:{i:0;s:3:\"265\";}', '18 October 2020 06:16:58 PM'),
(88, 11, 'c2RmYXNmYXNkZmEgZmFzZCBmZA==', 'a:0:{}', '19 October 2020 08:26:59 AM'),
(89, 11, 'YXNkZiBhc2RmIGFzZGYg', 'a:0:{}', '19 October 2020 09:48:49 AM'),
(90, 11, 'ZGFzZmFzZGZhc2Rm', 'a:0:{}', '19 October 2020 09:50:14 AM'),
(91, 11, 'YWRzZmFzZCBmc2FkIGZzZGEgZmFzZCBmYXNkZiA=', 'a:0:{}', '19 October 2020 09:50:43 AM'),
(92, 11, 'c2RhZmFzZGZhc2RmYXNkZiA=', 'a:0:{}', '19 October 2020 09:52:41 AM'),
(93, 11, 'ZmRhcyBmYWRzIGRzYWYgYWRzIGZhc2RmIA==', 'a:0:{}', '19 October 2020 09:53:06 AM'),
(94, 11, 'ZHNhIGZhZHMg', 'a:0:{}', '19 October 2020 09:54:21 AM'),
(95, 11, 'ZnNkYSBmYXNkIGZzYWQgZg==', 'a:0:{}', '20 October 2020 05:58:38 AM'),
(96, 11, 'c2Rmc2FkIGZkc2FmIGRhcyBmYXNkIGZhc2QgZg==', 'a:2:{i:0;s:3:\"266\";i:1;s:3:\"267\";}', '20 October 2020 06:04:13 AM'),
(97, 11, 'c2RhZmFkcyBhc2QgYSBm', 'a:2:{i:0;s:3:\"268\";i:1;s:3:\"269\";}', '20 October 2020 06:05:38 AM'),
(98, 11, 'YWRzIGZhc2RmIGFzZGYgYXNkZiA=', 'a:1:{i:0;s:3:\"270\";}', '20 October 2020 06:11:17 AM'),
(99, 11, 'YWRzIGZhZHNmIGFzZGYg', 'a:1:{i:0;s:3:\"271\";}', '20 October 2020 06:14:25 AM'),
(100, 11, 'c2RhZiBmYXNkIGZhc2QgZg==', 'a:1:{i:0;s:3:\"272\";}', '20 October 2020 06:14:47 AM'),
(101, 11, 'YWRzZiBhc2RmIGFkcyBmYXNkZiA=', 'a:1:{i:0;s:3:\"273\";}', '20 October 2020 06:15:47 AM'),
(102, 11, 'ZmFzZCBmYXNkZiBhc2RmIGFzZGYg', 'a:0:{}', '20 October 2020 06:43:08 AM'),
(103, 11, 'IGZhc2RmIGFkc2YgYWRzZiBhZHNmIGFkc2YgYXNkZg==', 'a:0:{}', '20 October 2020 06:45:46 AM'),
(104, 11, 'c2FkZiBhc2RmIGFzZGYgYXNmZCA=', 'a:0:{}', '20 October 2020 06:46:40 AM'),
(105, 11, 'c2FkZiBhc2RmIGFzZGYgYXNmZHNhZGYgYXNkZiBhc2RmIGFzZmRzYWRmIGFzZGYgYXNkZiBhc2Zkc2FkZiBhc2RmIGFzZGYgYXNmZHNhZGYgYXNkZiBhc2RmIGFzZmRzYWRmIGFzZGYgYXNkZiBhc2Zkc2FkZiBhc2RmIGFzZGYgYXNmZHNhZGYgYXNkZiBhc2RmIGFzZmRzYWRmIGFzZGYgYXNkZiBhc2Zkc2FkZiBhc2RmIGFzZGYgYXNmZHNhZGYgYXNkZiBhc2RmIGFzZmRzYWRmIGFzZGYgYXNkZiBhc2Zkc2FkZiBhc2RmIGFzZGYgYXNmZHNhZGYgYXNkZiBhc2RmIGFzZmRzYWRmIGFzZGYgYXNkZiBhc2Zkc2FkZiBhc2RmIGFzZGYgYXNmZHNhZGYgYXNkZiBhc2RmIGFzZmRzYWRmIGFzZGYgYXNkZiBhc2Zkc2FkZiBhc2RmIGFzZGYgYXNmZHNhZGYgYXNkZiBhc2RmIGFzZmRzYWRmIGFzZGYgYXNkZiBhc2Zkcw==', 'a:0:{}', '20 October 2020 06:56:18 AM'),
(106, 11, 'YWYgYWYgYXNkZiBhc2Qg', 'a:4:{i:0;s:3:\"274\";i:1;s:3:\"275\";i:2;s:3:\"276\";i:3;s:3:\"277\";}', '20 October 2020 09:54:15 AM'),
(107, 11, 'YWYgYWYgYXNkZg==', 'a:1:{i:0;s:3:\"278\";}', '20 October 2020 05:08:26 PM'),
(108, 11, '8J+kqXRoaXMgaXMgdGhlIGxhdGVzdCBwb3N0', 'a:1:{i:0;s:3:\"279\";}', '20 October 2020 05:09:25 PM'),
(109, 11, 'c2FkZiBhc2YgYXNkZiBhZHNm', 'a:1:{i:0;s:3:\"280\";}', '20 October 2020 05:14:08 PM'),
(110, 11, 'YWRzZiBzZGYgYWRzZiBhcw==', 'a:0:{}', '20 October 2020 05:15:49 PM'),
(111, 11, 'c2FkZiBhc2RmIGFzZGYgYXNmIGFzZGYgYXNkIGZhc2RmIGFzZGYgYXNkZiA=', 'a:0:{}', '20 October 2020 06:09:36 PM'),
(112, 11, 'YWRzZiBhc2RmIGFzIGZhc2RmIGFzZCBm', 'a:0:{}', '20 October 2020 06:11:02 PM'),
(113, 11, 'ZGFmIGFzZGYgYXNkZiBhc2RmIA==', 'a:0:{}', '20 October 2020 06:11:50 PM'),
(114, 11, 'ZmRzYSBmYXNkZiBhc2RmIGFzZGYg', 'a:0:{}', '20 October 2020 06:11:59 PM'),
(115, 11, 'ZHNhZmFzZHNkZmFzZGZhc2RmICBzYSBhIA==', 'a:0:{}', '20 October 2020 06:14:40 PM'),
(116, 11, 'ZW1vamlvbmVhcmVhLWVkaXRvcmVtb2ppb25lYXJlYS1lZGl0b3JlbW9qaW9uZWFyZWEtZWRpdG9yZW1vamlvbmVhcmVhLWVkaXRvcmVtb2ppb25lYXJlYS1lZGl0b3JlbW9qaW9uZWFyZWEtZWRpdG9yZW1vamlvbmVhcmVhLWVkaXRvcmVtb2ppb25lYXJlYS1lZGl0b3JlbW9qaW9uZWFyZWEtZWRpdG9yZW1vamlvbmVhcmVhLWVkaXRvcmVtb2ppb25lYXJlYS1lZGl0b3JlbW9qaW9uZWFyZWEtZWRpdG9yZW1vamlvbmVhcmVhLWVkaXRvcmVtb2ppb25lYXJlYS1lZGl0b3JlbW9qaW9uZWFyZWEtZWRpdG9yZW1vamlvbmVhcmVhLWVkaXRvcmVtb2ppb25lYXJlYS1lZGl0b3JlbW9qaW9uZWFyZWEtZWRpdG9yZW1vamlvbmVhcmVhLWVkaXRvcmVtb2ppb25lYXJlYS1lZGl0b3JlbW9qaW9uZWFyZWEtZWRpdG9yZW1vamlvbmVhcmVhLWVkaXRvcmVtb2ppb25lYXJlYS1lZGl0b3JlbW9qaW9uZWFyZWEtZWRpdG9yZW1vamlvbmVhcmVhLWVkaXRvcmVtb2ppb25lYXJlYS1lZGl0b3JlbW9qaW9uZWFyZWEtZWRpdG9yZW1vamlvbmVhcmVhLWVkaXRvcmVtb2ppb25lYXJlYS1lZGl0b3JlbW9qaW9uZWFyZWEtZWRpdG9yZW1vamlvbmVhcmVhLWVkaXRvcmVtb2ppb25lYXJlYS1lZGl0b3JlbW9qaW9uZWFyZWEtZWRpdG9yZW1vamlvbmVhcmVhLWVkaXRvcmVtb2ppb25lYXJlYS1lZGl0b3JlbW9qaW9uZWFyZWEtZWRpdG9yZW1vamlvbmVhcmVhLWVkaXRvcmVtb2ppb25lYXJlYS1lZGl0b3JlbW9qaW9uZWFyZWEtZWRpdG9yZW1vamlvbmVhcmVhLWVkaXRvcmVtb2ppb25lYXJlYS1lZGl0b3JlbW9qaW9uZWFyZWEtZWRpdG9yZW1vamlvbmVhcmVhLWVkaXRvcmVtb2ppb25lYXJlYS1lZGl0b3JlbW9qaW9uZWFyZWEtZWRpdG9yZW1vamlvbmVhcmVhLWVkaXRvcmVtb2ppb25lYXJlYS1lZGl0b3JlbW9qaW9uZWFyZWEtZWRpdG9yZW1vamlvbmVhcmVhLWVkaXRvcmVtb2ppb25lYXJlYS1lZGl0b3JlbW9qaW9uZWFyZWEtZWRpdG9yZW1vamlvbmVhcmVhLWVkaXRvcmVtb2ppb25lYXJlYS1lZGl0b3JlbW9qaW9uZWFyZWEtZWRpdG9yZW1vamlvbmVhcmVhLWVkaXRvcmVtb2ppb25lYXJlYS1lZGl0b3JlbW9qaW9uZWFyZWEtZWRpdG9yZW1vamlvbmVhcmVhLWVkaXRvcmVtb2ppb25lYXJlYS1lZGl0b3JlbW9qaW9uZWFyZWEtZWRpdG9yZW1vamlvbmVhcmVhLWVkaXRvcmVtb2ppb25lYXJlYS1lZGl0b3JlbW9qaW9uZWFyZWEtZWRpdG9yZW1vamlvbmVhcmVhLWVkaXRvcmVtb2ppb25lYXJlYS1lZGl0b3JlbW9qaW9uZWFyZWEtZWRpdG9yZW1vamlvbmVhcmVhLWVkaXRvcmVtb2ppb25lYXJlYS1lZGl0b3JlbW9qaW9uZWFyZWEtZWRpdG9yZW1vamlvbmVhcmVhLWVkaXRvcmVtb2ppb25lYXJlYS1lZGl0b3JlbW9qaW9uZWFyZWEtZWRpdG9yZW1vamlvbmVhcmVhLWVkaXRvcmVtb2ppb25lYXJlYS1lZGl0b3JlbW9qaW9uZWFyZWEtZWRpdG9yZW1vamlvbmVhcmVhLWVkaXRvcmVtb2ppb25lYXJlYS1lZGl0b3I=', 'a:1:{i:0;s:3:\"281\";}', '22 October 2020 08:44:02 AM'),
(117, 11, 'cG9zdF9pZHBvc3RfaWRwb3N0X2lkcG9zdF9pZHBvc3RfaWRwb3N0X2lkIGVtb2ppb25lYXJlYS1lZGl0b3JlbW9qaW9uZWFyZWEtZWRpdG9yZW1vamlvbmVhcmVhLWVkaXRvcmVtb2ppb25lYXJlYS1lZGl0b3JlbW9qaW9uZWFyZWEtZWRpdG9yZW1vamlvbmVhcmVhLWVkaXRvcmVtb2ppb25lYXJlYS1lZGl0b3JlbW9qaW9uZWFyZWEtZWRpdG9yZW1vamlvbmVhcmVhLWVkaXRvcmVtb2ppb25lYXJlYS1lZGl0b3JlbW9qaW9uZWFyZWEtZWRpdG9yZW1vamlvbmVhcmVhLWVkaXRvcmVtb2ppb25lYXJlYS1lZGl0b3JlbW9qaW9uZWFyZWEtZWRpdG9yZW1vamlvbmVhcmVhLWVkaXRvcmVtb2ppb25lYXJlYS1lZGl0b3JlbW9qaW9uZWFyZWEtZWRpdG9yZW1vamlvbmVhcmVhLWVkaXRvcmVtb2ppb25lYXJlYS1lZGl0b3JlbW9qaW9uZWFyZWEtZWRpdG9yZW1vamlvbmVhcmVhLWVkaXRvcmVtb2ppb25lYXJlYS1lZGl0b3JlbW9qaW9uZWFyZWEtZWRpdG9yZW1vamlvbmVhcmVhLWVkaXRvcmVtb2ppb25lYXJlYS1lZGl0b3JlbW9qaW9uZWFyZWEtZWRpdG9yZW1vamlvZW1vamlvbmVhcmVhLWVkaXRvcmVtb2ppb25lYXJlYS1lZGl0b3JlbW9qaW9uZWFyZWEtZWRpdG9yZW1vamlvbmVhcmVhLWVkaXRvcmVtb2ppb25lYXJlYS1lZGl0b3JlbW9qaW9uZWFyZWEtZWRpdG9yZW1vamlvbmVhcmVhLWVkaXRvcmVtb2ppb25lYXJlYS1lZGl0b3JlbW9qaW9uZWFyZWEtZWRpdG9yZW1vamlvbmVhcmVhLWVkaXRvcmVtb2ppb25lYXJlYS1lZGl0b3JlbW9qaW9uZWFyZWEtZWRpdG9yZW1vamlvbmVhcmVhLWVkaXRvcmVtb2ppb25lYXJlYS1lZGl0b3JlbW9qaW9uZWFyZWEtZWRpdG9yZW1vamlvbmVhcmVhLWVkaXRvcmVtb2ppb25lYXJlYS1lZGl0b3JlbW9qaW9uZWFyZWEtZWRpdG9yZW1vamlvbmVhcmVhLWVkaXRvcmVtb2ppb25lYXJlYS1lZGl0b3JlbW9qaW9uZWFyZWEtZWRpdG9yZW1vamlvbmVhcmVhLWVkaXRvcmVtb2ppb25lYXJlYS1lZGl0b3JlbW9qaW9uZWFyZWEtZWRpdG9yZW1vamlvbmVhcmVhLWVkaXRvcmVtb2ppb25lYXJlYS1lZGl0b3JlbW9qaW9lbW9qaW9uZWFyZWEtZWRpdG9yZW1vamlvbmVhcmVhLWVkaXRvcmVtb2ppb25lYXJlYS1lZGl0b3JlbW9qaW9uZWFyZWEtZWRpdG9yZW1vamlvbmVhcmVhLWVkaXRvcmVtb2ppb25lYXJlYS1lZGl0b3JlbW9qaW9uZWFyZWEtZWRpdG9yZW1vamlvbmVhcmVhLWVkaXRvcmVtb2ppb25lYXJlYS1lZGl0b3JlbW9qaW9uZWFyZWEtZWRpdG9yZW1vamlvbmVhcmVhLWVkaXRvcmVtb2ppb25lYXJlYS1lZGl0b3JlbW9qaW9uZWFyZWEtZWRpdG9yZW1vamlvbmVhcmVhLWVkaXRvcmVtb2ppb25lYXJlYS1lZGl0b3JlbW9qaW9uZWFyZWEtZWRpdG9yZW1vamlvbmVhcmVhLWVkaXRvcmVtb2ppb25lYXJlYS1lZGl0b3JlbW9qaW9uZWFyZWEtZWRpdG9yZW1vamlvbmVhcmVhLWVkaXRvcmVtb2ppb25lYXJlYS1lZGl0b3JlbW9qaW9uZWFyZWEtZWRpdG9yZW1vamlvbmVhcmVhLWVkaXRvcmVtb2ppb25lYXJlYS1lZGl0b3JlbW9qaW9uZWFyZWEtZWRpdG9yZW1vamlvbmVhcmVhLWVkaXRvcmVtb2ppb2Vtb2ppb25lYXJlYS1lZGl0b3JlbW9qaW9uZWFyZWEtZWRpdG9yZW1vamlvbmVhcmVhLWVkaXRvcmVtb2ppb25lYXJlYS1lZGl0b3JlbW9qaW9uZWFyZWEtZWRpdG9yZW1vamlvbmVhcmVhLWVkaXRvcmVtb2ppb25lYXJlYS1lZGl0b3JlbW9qaW9uZWFyZWEtZWRpdG9yZW1vamlvbmVhcmVhLWVkaXRvcmVtb2ppb25lYXJlYS1lZGl0b3JlbW9qaW9uZWFyZWEtZWRpdG9yZW1vamlvbmVhcmVhLWVkaXRvcmVtb2ppb25lYXJlYS1lZGl0b3JlbW9qaW9uZWFyZWEtZWRpdG9yZW1vamlvbmVhcmVhLWVkaXRvcmVtb2ppb25lYXJlYS1lZGl0b3JlbW9qaW9uZWFyZWEtZWRpdG9yZW1vamlvbmVhcmVhLWVkaXRvcmVtb2ppb25lYXJlYS1lZGl0b3JlbW9qaW9uZWFyZWEtZWRpdG9yZW1vamlvbmVhcmVhLWVkaXRvcmVtb2ppb25lYXJlYS1lZGl0b3JlbW9qaW9uZWFyZWEtZWRpdG9yZW1vamlvbmVhcmVhLWVkaXRvcmVtb2ppb25lYXJlYS1lZGl0b3JlbW9qaW9uZWFyZWEtZWRpdG9yZW1vamlvZW1vamlvbmVhcmVhLWVkaXRvcmVtb2ppb25lYXJlYS1lZGl0b3JlbW9qaW9uZWFyZWEtZWRpdG9yZW1vamlvbmVhcmVhLWVkaXRvcmVtb2ppb25lYXJlYS1lZGl0b3JlbW9qaW9uZWFyZWEtZWRpdG9yZW1vamlvbmVhcmVhLWVkaXRvcmVtb2ppb25lYXJlYS1lZGl0b3JlbW9qaW9uZWFyZWEtZWRpdG9yZW1vamlvbmVhcmVhLWVkaXRvcmVtb2ppb25lYXJlYS1lZGl0b3JlbW9qaW9uZWFyZWEtZWRpdG9yZW1vamlvbmVhcmVhLWVkaXRvcmVtb2ppb25lYXJlYS1lZGl0b3JlbW9qaW9uZWFyZWEtZWRpdG9yZW1vamlvbmVhcmVhLWVkaXRvcmVtb2ppb25lYXJlYS1lZGl0b3JlbW9qaW9uZWFyZWEtZWRpdG9yZW1vamlvbmVhcmVhLWVkaXRvcmVtb2ppb25lYXJlYS1lZGl0b3JlbW9qaW9uZWFyZWEtZWRpdG9yZW1vamlvbmVhcmVhLWVkaXRvcmVtb2ppb25lYXJlYS1lZGl0b3JlbW9qaW9uZWFyZWEtZWRpdG9yZW1vamlvbmVhcmVhLWVkaXRvcmVtb2ppb25lYXJlYS1lZGl0b3JlbW9qaW9lbW9qaW9uZWFyZWEtZWRpdG9yZW1vamlvbmVhcmVhLWVkaXRvcmVtb2ppb25lYXJlYS1lZGl0b3JlbW9qaW9uZWFyZWEtZWRpdG9yZW1vamlvbmVhcmVhLWVkaXRvcmVtb2ppb25lYXJlYS1lZGl0b3JlbW9qaW9uZWFyZWEtZWRpdG9yZW1vamlvbmVhcmVhLWVkaXRvcmVtb2ppb25lYXJlYS1lZGl0b3JlbW9qaW9uZWFyZWEtZWRpdG9yZW1vamlvbmVhcmVhLWVkaXRvcmVtb2ppb25lYXJlYS1lZGl0b3JlbW9qaW9uZWFyZWEtZWRpdG9yZW1vamlvbmVhcmVhLWVkaXRvcmVtb2ppb25lYXJlYS1lZGl0b3JlbW9qaW9uZWFyZWEtZWRpdG9yZW1vamlvbmVhcmVhLWVkaXRvcmVtb2ppb25lYXJlYS1lZGl0b3JlbW9qaW9uZWFyZWEtZWRpdG9yZW1vamlvbmVhcmVhLWVkaXRvcmVtb2ppb25lYXJlYS1lZGl0b3JlbW9qaW9uZWFyZWEtZWRpdG9yZW1vamlvbmVhcmVhLWVkaXRvcmVtb2ppb25lYXJlYS1lZGl0b3JlbW9qaW9uZWFyZWEtZWRpdG9yZW1vamlvbmVhcmVhLWVkaXRvcmVtb2ppb2Vtb2ppb25lYXJlYS1lZGl0b3JlbW9qaW9uZWFyZWEtZWRpdG9yZW1vamlvbmVhcmVhLWVkaXRvcmVtb2ppb25lYXJlYS1lZGl0b3JlbW9qaW9uZWFyZWEtZWRpdG9yZW1vamlvbmVhcmVhLWVkaXRvcmVtb2ppb25lYXJlYS1lZGl0b3JlbW9qaW9uZWFyZWEtZWRpdG9yZW1vamlvbmVhcmVhLWVkaXRvcmVtb2ppb25lYXJlYS1lZGl0b3JlbW9qaW9uZWFyZWEtZWRpdG9yZW1vamlvbmVhcmVhLWVkaXRvcmVtb2ppb25lYXJlYS1lZGl0b3JlbW9qaW9uZWFyZWEtZWRpdG9yZW1vamlvbmVhcmVhLWVkaXRvcmVtb2ppb25lYXJlYS1lZGl0b3JlbW9qaW9uZWFyZWEtZWRpdG9yZW1vamlvbmVhcmVhLWVkaXRvcmVtb2ppb25lYXJlYS1lZGl0b3JlbW9qaW9uZWFyZWEtZWRpdG9yZW1vamlvbmVhcmVhLWVkaXRvcmVtb2ppb25lYXJlYS1lZGl0b3JlbW9qaW9uZWFyZWEtZWRpdG9yZW1vamlvbmVhcmVhLWVkaXRvcmVtb2ppb25lYXJlYS1lZGl0b3JlbW9qaW9uZWFyZWEtZWRpdG9yZW1vamlvZW1vamlvbmVhcmVhLWVkaXRvcmVtb2ppb25lYXJlYS1lZGl0b3JlbW9qaW9uZWFyZWEtZWRpdG9yZW1vamlvbmVhcmVhLWVkaXRvcmVtb2ppb25lYXJlYS1lZGl0b3JlbW9qaW9uZWFyZWEtZWRpdG9yZW1vamlvbmVhcmVhLWVkaXRvcmVtb2ppb25lYXJlYS1lZGl0b3JlbW9qaW9uZWFyZWEtZWRpdG9yZW1vamlvbmVhcmVhLWVkaXRvcmVtb2ppb25lYXJlYS1lZGl0b3JlbW9qaW9uZWFyZWEtZWRpdG9yZW1vamlvbmVhcmVhLWVkaXRvcmVtb2ppb25lYXJlYS1lZGl0b3JlbW9qaW9uZWFyZWEtZWRpdG9yZW1vamlvbmVhcmVhLWVkaXRvcmVtb2ppb25lYXJlYS1lZGl0b3JlbW9qaW9uZWFyZWEtZWRpdG9yZW1vamlvbmVhcmVhLWVkaXRvcmVtb2ppb25lYXJlYS1lZGl0b3JlbW9qaW9uZWFyZWEtZWRpdG9yZW1vamlvbmVhcmVhLWVkaXRvcmVtb2ppb25lYXJlYS1lZGl0b3JlbW9qaW9uZWFyZWEtZWRpdG9yZW1vamlvbmVhcmVhLWVkaXRvcmVtb2ppb25lYXJlYS1lZGl0b3JlbW9qaW9lbW9qaW9uZWFyZWEtZWRpdG9yZW1vamlvbmVhcmVhLWVkaXRvcmVtb2ppb25lYXJlYS1lZGl0b3JlbW9qaW9uZWFyZWEtZWRpdG9yZW1vamlvbmVhcmVhLWVkaXRvcmVtb2ppb25lYXJlYS1lZGl0b3JlbW9qaW9uZWFyZWEtZWRpdG9yZW1vamlvbmVhcmVhLWVkaXRvcmVtb2ppb25lYXJlYS1lZGl0b3JlbW9qaW9uZWFyZWEtZWRpdG9yZW1vamlvbmVhcmVhLWVkaXRvcmVtb2ppb25lYXJlYS1lZGl0b3JlbW9qaW9uZWFyZWEtZWRpdG9yZW1vamlvbmVhcmVhLWVkaXRvcmVtb2ppb25lYXJlYS1lZGl0b3JlbW9qaW9uZWFyZWEtZWRpdG9yZW1vamlvbmVhcmVhLWVkaXRvcmVtb2ppb25lYXJlYS1lZGl0b3JlbW9qaW9uZWFyZWEtZWRpdG9yZW1vamlvbmVhcmVhLWVkaXRvcmVtb2ppb25lYXJlYS1lZGl0b3JlbW9qaW9uZWFyZWEtZWRpdG9yZW1vamlvbmVhcmVhLWVkaXRvcmVtb2ppb25lYXJlYS1lZGl0b3JlbW9qaW9uZWFyZWEtZWRpdG9yZW1vamlvbmVhcmVhLWVkaXRvcmVtb2ppbw==', 'a:1:{i:0;s:3:\"282\";}', '22 October 2020 08:45:57 AM'),
(118, 11, 'YXdkYXdkYXdk', 'a:1:{i:0;s:3:\"290\";}', '22 October 2020 05:12:08 PM'),
(119, 11, '', 'a:2:{i:0;s:3:\"323\";i:1;s:3:\"324\";}', '23 October 2020 05:08:32 PM'),
(120, 11, '', 'a:4:{i:0;s:3:\"331\";i:1;s:3:\"332\";i:2;s:3:\"333\";i:3;s:3:\"334\";}', '24 October 2020 10:27:15 AM'),
(121, 11, '8J+kqQ==', 'a:1:{i:0;s:3:\"335\";}', '24 October 2020 10:34:19 AM'),
(122, 11, 'ZmFzZGYgYWRzZiBzYWRmIHNkZiDwn5iA', 'a:1:{i:0;s:3:\"337\";}', '26 October 2020 07:36:51 AM'),
(123, 11, '8J+YgA==', 'a:3:{i:0;s:3:\"338\";i:1;s:3:\"339\";i:2;s:3:\"340\";}', '26 October 2020 07:57:20 AM'),
(124, 11, 'ZHMgZ2FzZGcgYXNkIGdhc2QgZ2FzZCDwn5iA', 'a:1:{i:0;s:3:\"342\";}', '26 October 2020 08:25:21 AM'),
(127, 11, 'ZGFzZGFzZGFzZA==', 'a:0:{}', '20 December 2020 12:49:06 PM'),
(128, 11, 'YXNkYXNkIG5ldyB0ZXN0aW5nIHBvc3Q=', 'a:0:{}', '20 December 2020 12:52:54 PM'),
(129, 11, 'dGhpcyBpcyB0aGUgdGVzdGluZyBwb3N0XG4jaGVubG9fd29ybGQ=', 'a:0:{}', '28 December 2020 01:42:55 PM'),
(130, 11, 'dGhpcyBpcyBhbm90aGVyIHRlc3RpbmdcbiNoZW5sb193b3JsZA==', 'a:0:{}', '28 December 2020 01:44:01 PM'),
(131, 11, 'I2hlbmxvIHdvcmxk', 'a:0:{}', '28 December 2020 01:45:51 PM'),
(132, 11, 'I2hhc2ggdGVzdGluZw==', 'a:0:{}', '28 December 2020 01:47:29 PM'),
(133, 11, 'I2hlbmxvIHdvcmxk', 'a:0:{}', '28 December 2020 01:50:10 PM'),
(134, 11, 'I2hlbmxv', 'a:0:{}', '28 December 2020 01:50:47 PM'),
(135, 11, 'I2hlbmxv', 'a:0:{}', '28 December 2020 01:52:24 PM'),
(136, 11, 'I2hlbmxv', 'a:0:{}', '28 December 2020 01:52:47 PM'),
(137, 11, 'I2hlbmxv', 'a:0:{}', '28 December 2020 01:53:23 PM'),
(138, 11, 'I2hlbmxvXG4jd29ybGRcbiN0ZXN0aW5nX3dvcmxk', 'a:0:{}', '28 December 2020 02:01:29 PM'),
(139, 11, 'I2hlbmxvIHdvcmxkIGlzIGJldHRlclxuI2hlbGxvIHdvcmxkIGlzIGJlc3RcbiN3b3JsZCBIZWxsbyBpcyBnb29k', 'a:0:{}', '28 December 2020 02:03:28 PM'),
(140, 11, 'I2hlbmxvIHdvcmxkIGlzIGJldHRlciAjaGVsbG8gd29ybGQgaXMgYmVzdCAjd29ybGQgSGVsbG8gaXMgZ29vZA==', 'a:0:{}', '28 December 2020 02:04:13 PM'),
(141, 11, 'I2hlbmxvIHdvcmxkIGlzIGJldHRlciAjaGVsbG8gd29ybGQgaXMgYmVzdCAjd29ybGQgSGVsbG8gaXMgZ29vZA==', 'a:0:{}', '28 December 2020 02:05:24 PM'),
(142, 11, 'I2hlbmxvXG4jd29ybGQ=', 'a:0:{}', '28 December 2020 02:06:02 PM'),
(143, 11, 'SGVsbG8gd29ybGQh', 'a:0:{}', '28 December 2020 04:11:26 PM'),
(144, 11, 'aGVubG8gI3dvcmxkIGlzIHRoZSB0ZXN0aW5nIHdvcmxk', 'a:0:{}', '28 December 2020 04:13:50 PM'),
(145, 11, 'aGVsbG8gI3dvcmxkIGlzIHRlc3Rpbmcgd29yZC5cbldlIHVzZSBpdCEgI3Rlc3Rpbmc=', 'a:0:{}', '28 December 2020 04:14:21 PM'),
(146, 11, 'I3Rlc3Rpbmdcbmhlbmxv', 'a:0:{}', '7 January 2021 03:02:44 PM'),
(147, 11, 'dGVzdGluZ1xuI2hlbmxv', 'a:0:{}', '7 January 2021 03:03:39 PM'),
(148, 11, 'dGVzdGluZ1xuI2hlbmxv', 'a:0:{}', '7 January 2021 03:06:15 PM'),
(149, 11, 'c2Rmc2Fk', 'a:0:{}', '7 January 2021 03:16:15 PM'),
(150, 11, 'aGVubG9cbiN0ZXN0aW5nX25ld190b2RheQ==', 'a:0:{}', '7 January 2021 03:17:39 PM'),
(151, 11, 'aGVubG9cbiN0ZXN0aW5nXzEyMw==', 'a:0:{}', '7 January 2021 03:20:21 PM'),
(152, 11, 'aGVubG9cbiN0ZXN0aW5nXzMyMQ==', 'a:0:{}', '7 January 2021 03:22:15 PM'),
(153, 11, 'dGVzdGluZyAjaGVubG9fdGVzdGluZw==', 'a:0:{}', '7 January 2021 03:24:12 PM'),
(154, 11, 'aGVubG8gMTIzICN0ZXN0aW5nXzEyMw==', 'a:0:{}', '7 January 2021 03:27:48 PM'),
(155, 11, 'aGVubG8gI3Rlc3RfdGVzdA==', 'a:0:{}', '7 January 2021 03:32:07 PM'),
(156, 11, 'aGVubG8gI3Rlc3RpbmdfNDMyMQ==', 'a:0:{}', '7 January 2021 03:34:51 PM'),
(157, 11, 'aGVubG8gI3RvZGF5', 'a:0:{}', '7 January 2021 03:35:43 PM'),
(158, 7, 'aGVubG8=', 'a:0:{}', '2 February 2021 10:36:35 PM'),
(159, 7, 'aGVubG8=', 'a:0:{}', '2 February 2021 10:37:20 PM'),
(160, 11, '8J+YgvCfmILwn5iC8J+Ygg==', 'a:0:{}', '4 February 2021 07:44:50 PM'),
(161, 7, 'dGhpcyBpcyBsYXN0IHRlc3QgcG9zdPCfmIM=', 'a:1:{i:0;s:3:\"348\";}', '5 February 2021 05:21:32 PM'),
(162, 7, 'bGFzdCB0ZXN0', 'a:0:{}', '5 February 2021 05:21:52 PM');

--
-- Indexes for dumped tables
--

--
-- Indexes for table `msg`
--
ALTER TABLE `msg`
  ADD PRIMARY KEY (`msg_id`);

--
-- Indexes for table `post_comments`
--
ALTER TABLE `post_comments`
  ADD PRIMARY KEY (`comment_id`);

--
-- Indexes for table `post_comment_reply`
--
ALTER TABLE `post_comment_reply`
  ADD PRIMARY KEY (`reply_id`);

--
-- Indexes for table `post_media`
--
ALTER TABLE `post_media`
  ADD PRIMARY KEY (`media_id`);

--
-- Indexes for table `status`
--
ALTER TABLE `status`
  ADD PRIMARY KEY (`status_id`);

--
-- Indexes for table `users`
--
ALTER TABLE `users`
  ADD PRIMARY KEY (`id`),
  ADD UNIQUE KEY `uid` (`uid`),
  ADD UNIQUE KEY `email` (`email`);

--
-- Indexes for table `user_post`
--
ALTER TABLE `user_post`
  ADD PRIMARY KEY (`post_id`);

--
-- AUTO_INCREMENT for dumped tables
--

--
-- AUTO_INCREMENT for table `msg`
--
ALTER TABLE `msg`
  MODIFY `msg_id` bigint(20) NOT NULL AUTO_INCREMENT, AUTO_INCREMENT=57;

--
-- AUTO_INCREMENT for table `post_comments`
--
ALTER TABLE `post_comments`
  MODIFY `comment_id` bigint(20) NOT NULL AUTO_INCREMENT, AUTO_INCREMENT=42;

--
-- AUTO_INCREMENT for table `post_comment_reply`
--
ALTER TABLE `post_comment_reply`
  MODIFY `reply_id` bigint(20) NOT NULL AUTO_INCREMENT, AUTO_INCREMENT=69;

--
-- AUTO_INCREMENT for table `post_media`
--
ALTER TABLE `post_media`
  MODIFY `media_id` bigint(20) NOT NULL AUTO_INCREMENT, AUTO_INCREMENT=349;

--
-- AUTO_INCREMENT for table `status`
--
ALTER TABLE `status`
  MODIFY `status_id` bigint(20) NOT NULL AUTO_INCREMENT, AUTO_INCREMENT=30;

--
-- AUTO_INCREMENT for table `users`
--
ALTER TABLE `users`
  MODIFY `id` bigint(255) NOT NULL AUTO_INCREMENT, AUTO_INCREMENT=17;

--
-- AUTO_INCREMENT for table `user_post`
--
ALTER TABLE `user_post`
  MODIFY `post_id` bigint(20) NOT NULL AUTO_INCREMENT, AUTO_INCREMENT=163;
COMMIT;

/*!40101 SET CHARACTER_SET_CLIENT=@OLD_CHARACTER_SET_CLIENT */;
/*!40101 SET CHARACTER_SET_RESULTS=@OLD_CHARACTER_SET_RESULTS */;
/*!40101 SET COLLATION_CONNECTION=@OLD_COLLATION_CONNECTION */;
